"last_name, first_name","player_id","team_name_alt","pitch_type","pitch_name","run_value_per_100","run_value","pitches","pitch_usage","pa","ba","slg","woba","whiff_percent","k_percent","put_away","est_ba","est_slg","est_woba","hard_hit_percent"
"López, Reynaldo",625643,"CWS","FF","4-Seam Fastball",-0.7,-13,"1850",58.5,"490","0.292","0.455","0.378",19.5,19.4,17.8,"0.271","0.483","0.362",42.4
"Lynn, Lance",458681,"TEX","FF","4-Seam Fastball",1.1,20,"1858",54.1,"458","0.218","0.403","0.303",30.5,31.4,25,"0.214","0.392","0.296",38
"Hudson, Dakota",641712,"STL","SI","Sinker",-0.7,-9,"1386",48.7,"408","0.289","0.466","0.38",13.4,10.3,14.3,"0.302","0.471","0.377",43.9
"Cole, Gerrit",543037,"HOU","FF","4-Seam Fastball",2,36,"1733",51.6,"401","0.166","0.348","0.264",37.6,44.4,32.8,"0.165","0.316","0.246",40
"Flaherty, Jack",656427,"STL","FF","4-Seam Fastball",1.6,24,"1476",46.4,"399","0.194","0.343","0.274",21.9,26.8,20.4,"0.234","0.422","0.309",36.4
"Boyd, Matthew",571510,"DET","FF","4-Seam Fastball",-0.6,-9,"1544",49.8,"398","0.269","0.533","0.369",24,26.4,23.2,"0.235","0.46","0.32",39.7
"Bieber, Shane",669456,"CLE","FF","4-Seam Fastball",0.5,7,"1474",45.7,"379","0.231","0.44","0.323",13.7,26.4,23.4,"0.263","0.503","0.345",48.4
"Giolito, Lucas",608337,"CWS","FF","4-Seam Fastball",1,16,"1548",55,"374","0.203","0.364","0.29",26,31,25,"0.211","0.371","0.29",39.8
"Odorizzi, Jake",543606,"MIN","FF","4-Seam Fastball",1.2,19,"1614",57.9,"372","0.209","0.372","0.293",30.5,32.8,21.6,"0.204","0.396","0.296",41
"Fried, Max",608331,"ATL","FF","4-Seam Fastball",0.1,2,"1418",53.1,"371","0.316","0.459","0.38",20.6,15.4,17,"0.294","0.453","0.357",47.3
"Sparkman, Glenn",642098,"KC","FF","4-Seam Fastball",0,0,"1380",60.7,"360","0.307","0.527","0.383",14.8,11.9,12.9,"0.302","0.531","0.372",44.7
"Nova, Iván",467100,"CWS","SI","Sinker",-1.1,-12,"1101",36.7,"355","0.333","0.508","0.411",10.6,11.5,13.4,"0.298","0.466","0.358",41.5
"Senzatela, Antonio",622608,"COL","FF","4-Seam Fastball",-1.1,-15,"1385",61.9,"353","0.345","0.541","0.424",12.9,10.2,11.3,"0.318","0.503","0.386",47.7
"Lucchesi, Joey",664192,"SD","SI","Sinker",0.9,12,"1355",51.3,"352","0.247","0.407","0.328",17.8,21.9,21.4,"0.228","0.382","0.3",36.8
"Bailey, Homer",456701,"OAK","FF","4-Seam Fastball",0.6,8,"1349",48.1,"351","0.281","0.429","0.358",15.7,15.1,13.3,"0.303","0.512","0.38",46.7
"Bauer, Trevor",545333,"CIN","FF","4-Seam Fastball",-0.6,-8,"1417",38.4,"349","0.272","0.576","0.42",21.8,16,16.2,"0.271","0.565","0.4",46.6
"Paxton, James",572020,"NYY","FF","4-Seam Fastball",0.2,3,"1596",59.9,"347","0.266","0.479","0.365",24.7,21.6,17,"0.246","0.441","0.335",40.3
"Miley, Wade",489119,"HOU","FC","Cutter",-0.2,-3,"1345",47,"343","0.278","0.438","0.359",18.3,16.3,15.9,"0.269","0.415","0.336",35.7
"Minor, Mike",501985,"TEX","FF","4-Seam Fastball",0.9,13,"1497",44.6,"340","0.252","0.435","0.331",23.3,21.5,18.6,"0.241","0.446","0.32",34.5
"Anderson, Brett",474463,"OAK","SI","Sinker",-0.1,-1,"1165",43.8,"340","0.291","0.447","0.365",13,7.9,11.6,"0.297","0.511","0.364",43
"Corbin, Patrick",571578,"WSH","SI","Sinker",0.5,6,"1130",34.3,"337","0.28","0.439","0.357",12.4,15.4,18,"0.281","0.513","0.367",40.3
"Davies, Zach",605200,"MIL","SI","Sinker",-0.5,-7,"1408",52.6,"334","0.291","0.475","0.372",9.2,14.7,12.6,"0.284","0.496","0.358",39.5
"Soroka, Michael",647336,"ATL","SI","Sinker",0.7,8,"1140",44.7,"334","0.29","0.414","0.338",12.7,9.3,13.8,"0.302","0.443","0.346",43.4
"Buehler, Walker",621111,"LAD","FF","4-Seam Fastball",1.5,22,"1505",53.2,"334","0.205","0.368","0.28",24.6,30.8,24.9,"0.217","0.391","0.282",40
"Velasquez, Vince",592826,"PHI","FF","4-Seam Fastball",0.6,8,"1324",62.5,"332","0.22","0.464","0.34",24.7,26.8,19.2,"0.235","0.484","0.338",41.3
"Bumgarner, Madison",518516,"SF","FF","4-Seam Fastball",0.4,6,"1387",42.8,"330","0.249","0.472","0.343",21.7,20.6,16.5,"0.243","0.478","0.325",42.9
"Arrieta, Jake",453562,"PHI","SI","Sinker",-0.2,-3,"1216",55.5,"330","0.304","0.474","0.382",11.7,13,17.7,"0.29","0.471","0.365",38.8
"Castillo, Luis",622491,"CIN","CH","Changeup",2.8,28,"998",32.5,"330","0.128","0.199","0.2",47.8,47,30.8,"0.133","0.198","0.197",19.7
"Nola, Aaron",605400,"PHI","CU","Curveball",1.7,19,"1174",35.2,"330","0.201","0.328","0.269",34.6,33,26.7,"0.214","0.343","0.275",34.7
"Morton, Charlie",450203,"TB","CU","Curveball",2.5,29,"1172",37.4,"329","0.151","0.228","0.192",38.1,41.3,27.1,"0.161","0.23","0.193",18.6
"Verlander, Justin",434378,"HOU","FF","4-Seam Fastball",0.5,7,"1617",49.9,"328","0.229","0.551","0.357",31,31.7,26.3,"0.229","0.518","0.335",49.5
"Lauer, Eric",641778,"SD","FF","4-Seam Fastball",0.6,8,"1332",53.1,"325","0.244","0.401","0.326",21.6,26.8,22.5,"0.226","0.396","0.304",43.4
"Williams, Trevor",592866,"PIT","FF","4-Seam Fastball",-0.1,-1,"1208",51.9,"323","0.268","0.509","0.364",23.1,22.6,19.9,"0.257","0.469","0.338",39.5
"Kikuchi, Yusei",579328,"SEA","FF","4-Seam Fastball",-1.5,-19,"1286",48.9,"321","0.326","0.622","0.429",15.9,12.8,14.7,"0.296","0.529","0.376",45
"Corbin, Patrick",571578,"WSH","SL","Slider",1.7,20,"1224",37.1,"318","0.158","0.266","0.214",51.7,50.6,30,"0.157","0.271","0.205",33.3
"Gray, Jon",592351,"COL","FF","4-Seam Fastball",-1,-12,"1216",51.3,"316","0.337","0.541","0.426",14,11.4,13.3,"0.335","0.534","0.409",52.1
"Kershaw, Clayton",477132,"LAD","SL","Slider",1.5,15,"1006",39.1,"315","0.216","0.355","0.279",33.9,32.7,24.8,"0.229","0.382","0.282",41
"Smith, Caleb",592761,"MIA","FF","4-Seam Fastball",0.5,8,"1431",53.8,"314","0.21","0.483","0.34",25,26.4,19.5,"0.227","0.521","0.352",45.3
"Paddack, Chris",663978,"SD","FF","4-Seam Fastball",1.1,15,"1392",61.1,"312","0.204","0.391","0.3",23.2,29.2,18.6,"0.209","0.386","0.28",35.7
"Matz, Steven",571927,"NYM","SI","Sinker",0.1,2,"1367",50.6,"312","0.276","0.442","0.349",20.2,23.7,20.8,"0.261","0.433","0.327",45
"Beede, Tyler",595881,"SF","FF","4-Seam Fastball",0.1,1,"1137",56.1,"311","0.285","0.495","0.374",16.1,15.1,15.4,"0.289","0.556","0.385",48.1
"deGrom, Jacob",594798,"NYM","SL","Slider",2.5,25,"1022",32,"311","0.186","0.276","0.232",35.3,33.8,26,"0.19","0.275","0.226",23.3
"Happ, J.A.",457918,"NYY","FF","4-Seam Fastball",-0.4,-6,"1304",48.4,"310","0.243","0.559","0.376",25,24.8,19.2,"0.243","0.532","0.361",45.9
"Bumgarner, Madison",518516,"SF","FC","Cutter",0.4,4,"1082",33.4,"310","0.264","0.458","0.34",25.3,21.9,17.5,"0.288","0.499","0.353",39.9
"Verlander, Justin",434378,"HOU","SL","Slider",3.4,31,"929",28.7,"309","0.119","0.22","0.174",39.9,41.1,27.4,"0.145","0.223","0.183",20.8
"Scherzer, Max",453286,"WSH","FF","4-Seam Fastball",1.3,18,"1341",48.4,"306","0.223","0.415","0.309",27.5,33.3,26.3,"0.216","0.397","0.29",40.7
"Sampson, Adrian",592716,"TEX","SI","Sinker",-2.3,-26,"1114",54.2,"305","0.353","0.676","0.466",11.7,11.8,15.4,"0.336","0.641","0.433",53.8
"Ray, Robbie",592662,"AZ","FF","4-Seam Fastball",0.9,12,"1307",42.7,"303","0.221","0.391","0.318",22.2,30.4,24.8,"0.22","0.396","0.321",36.3
"Stroman, Marcus",573186,"NYM","SI","Sinker",-0.2,-2,"1110",36.5,"303","0.306","0.437","0.382",15.1,11.2,17.8,"0.266","0.39","0.33",41.5
"Hendricks, Kyle",543294,"CHC","SI","Sinker",0.3,4,"1120",41.6,"302","0.276","0.44","0.351",16.3,14.6,17.1,"0.278","0.43","0.331",37.2
"Peralta, Freddy",642547,"MIL","FF","4-Seam Fastball",-0.1,-1,"1243",77.7,"301","0.267","0.473","0.373",29.4,28.6,22.1,"0.228","0.433","0.324",40.8
"Chirinos, Yonny",630023,"TB","SI","Sinker",0.5,6,"1092",55,"300","0.271","0.466","0.356",13,14,16.7,"0.306","0.528","0.375",38.1
"Wacha, Michael",608379,"STL","FF","4-Seam Fastball",-1.7,-19,"1089",49.5,"294","0.322","0.574","0.417",11.9,13.6,11.6,"0.305","0.566","0.397",40.2
"Keller, Brad",641745,"KC","FF","4-Seam Fastball",0.2,2,"1131",41.7,"291","0.261","0.411","0.35",18.4,17.2,15.4,"0.282","0.483","0.382",39.7
"Gonzales, Marco",594835,"SEA","FF","4-Seam Fastball",0.2,2,"1246",39.4,"290","0.264","0.425","0.346",15.5,16.9,14.1,"0.272","0.466","0.354",40.4
"Thornton, Trent",663423,"TOR","FF","4-Seam Fastball",-0.1,-1,"1212",44,"290","0.275","0.53","0.392",17.9,17.6,16,"0.278","0.518","0.38",43.7
"Pineda, Michael",501381,"MIN","FF","4-Seam Fastball",0.6,7,"1182",54.2,"288","0.275","0.461","0.348",19.8,19.4,18.5,"0.273","0.508","0.346",42.3
"deGrom, Jacob",594798,"NYM","FF","4-Seam Fastball",1.3,19,"1536",48.2,"287","0.219","0.4","0.301",26.9,27.9,17.4,"0.22","0.398","0.295",37.9
"Turnbull, Spencer",605513,"DET","FF","4-Seam Fastball",1.6,19,"1190",44.8,"284","0.252","0.376","0.329",23.1,19.7,16.5,"0.259","0.436","0.344",37.4
"Teheran, Julio",527054,"ATL","FF","4-Seam Fastball",0.2,3,"1265",41.7,"283","0.232","0.443","0.357",19.5,19.4,15.2,"0.226","0.473","0.356",37.6
"Mahle, Tyler",641816,"CIN","FF","4-Seam Fastball",0.4,5,"1221",57.1,"283","0.26","0.438","0.336",21.3,26.1,18.5,"0.246","0.432","0.316",43.9
"Boyd, Matthew",571510,"DET","SL","Slider",0.7,8,"1123",36.2,"282","0.192","0.341","0.262",43.4,41.8,26,"0.187","0.33","0.247",31.5
"Gibson, Kyle",502043,"MIN","SI","Sinker",-0.2,-2,"886",32.1,"282","0.304","0.462","0.393",12.5,11.3,15,"0.313","0.486","0.375",44.1
"Hendricks, Kyle",543294,"CHC","CH","Changeup",0,0,"755",28.1,"278","0.264","0.415","0.308",24.6,23.4,18.9,"0.232","0.361","0.26",20.3
"Lester, Jon",452657,"CHC","FC","Cutter",-0.3,-3,"1040",34.2,"277","0.283","0.49","0.371",18.8,23.5,20.4,"0.261","0.444","0.332",35.8
"Wainwright, Adam",425794,"STL","CU","Curveball",0.7,7,"1025",36.8,"276","0.24","0.36","0.299",25.6,26.8,21.6,"0.227","0.354","0.278",30.8
"Bundy, Dylan",605164,"BAL","FF","4-Seam Fastball",-1.9,-23,"1178",42.4,"275","0.335","0.645","0.447",18.2,16.7,15.9,"0.281","0.536","0.38",38.5
"Richards, Trevor",670950,"TB","CH","Changeup",0.8,7,"877",38.3,"275","0.205","0.369","0.282",28.9,25.1,19.9,"0.191","0.312","0.252",26.9
"Syndergaard, Noah",592789,"NYM","SI","Sinker",0,0,"920",29.8,"275","0.305","0.466","0.37",17.7,14.9,21,"0.275","0.455","0.34",36.8
"Tanaka, Masahiro",547888,"NYY","SL","Slider",2.3,23,"1014",36.4,"273","0.193","0.34","0.257",33.7,29.3,24,"0.203","0.352","0.256",31.8
"Wheeler, Zack",554430,"NYM","SI","Sinker",0.2,2,"914",28.9,"273","0.299","0.49","0.364",15.8,17.2,18.3,"0.275","0.467","0.34",37.9
"Rodriguez, Eduardo",593958,"BOS","FF","4-Seam Fastball",0.5,6,"1354",38.7,"270","0.283","0.467","0.364",29.2,24.8,20.4,"0.246","0.465","0.337",34.5
"Lyles, Jordan",543475,"MIL","FF","4-Seam Fastball",0.2,3,"1194",50.2,"269","0.235","0.443","0.352",22,19,14,"0.228","0.465","0.338",41.5
"Means, John",607644,"BAL","CH","Changeup",1.6,12,"775",28.9,"267","0.206","0.387","0.298",24.7,16.9,15.8,"0.218","0.372","0.28",23.4
"Alcantara, Sandy",645261,"MIA","FF","4-Seam Fastball",-0.3,-3,"933",30.2,"266","0.229","0.394","0.332",16.6,17.7,14.6,"0.242","0.449","0.339",43
"Norris, Daniel",596057,"DET","FF","4-Seam Fastball",-0.8,-9,"1061",45,"265","0.311","0.613","0.421",12.8,14,13.6,"0.305","0.597","0.406",45.8
"Keuchel, Dallas",572971,"ATL","SI","Sinker",0.6,5,"914",49,"264","0.27","0.418","0.343",15.5,15.2,19,"0.264","0.41","0.327",43.9
"Kelly, Merrill",518876,"AZ","FF","4-Seam Fastball",0.9,9,"1106",37.4,"264","0.241","0.406","0.324",20.4,22,19.3,"0.251","0.491","0.355",41.6
"Ryu, Hyun Jin",547943,"LAD","CH","Changeup",3.2,23,"743",27.5,"262","0.19","0.292","0.233",29.6,19.8,21.4,"0.235","0.338","0.259",23
"Duffy, Danny",518633,"KC","FF","4-Seam Fastball",-0.2,-2,"956",44.2,"261","0.255","0.427","0.357",19.5,21.8,20.4,"0.268","0.489","0.372",43
"Anderson, Chase",502624,"MIL","FF","4-Seam Fastball",-0.6,-6,"998",43.4,"261","0.261","0.491","0.371",22.9,23.8,16.8,"0.25","0.46","0.348",41.8
"Stammen, Craig",489334,"SD","SI","Sinker",1.3,11,"888",71,"259","0.237","0.412","0.301",16.2,19.7,22,"0.241","0.393","0.287",35.7
"Junis, Jakob",596001,"KC","SL","Slider",1.8,16,"867",29.7,"259","0.152","0.232","0.209",38.2,44.4,26.7,"0.148","0.276","0.216",30.6
"Minor, Mike",501985,"TEX","CH","Changeup",2.8,23,"826",24.6,"258","0.178","0.265","0.239",31.3,24.8,24.1,"0.184","0.266","0.241",18
"Gausman, Kevin",592332,"CIN","FF","4-Seam Fastball",-0.7,-7,"937",57,"258","0.323","0.55","0.406",21.6,20.2,22.1,"0.301","0.576","0.392",43.7
"Ray, Robbie",592662,"AZ","SL","Slider",-0.6,-6,"941",30.8,"257","0.221","0.424","0.323",44.3,37,24.7,"0.206","0.412","0.297",36.2
"Greinke, Zack",425844,"HOU","FF","4-Seam Fastball",1.4,18,"1272",40.9,"257","0.242","0.418","0.299",18,23,21.7,"0.244","0.437","0.302",39.2
"Davies, Zach",605200,"MIL","CH","Changeup",2.1,18,"838",31.3,"256","0.206","0.311","0.261",28.9,16.8,16.7,"0.263","0.407","0.304",26.1
"Berríos, José",621244,"MIN","FF","4-Seam Fastball",0.4,4,"1009",32.2,"255","0.258","0.445","0.323",24.1,28.2,22.1,"0.237","0.437","0.301",38.1
"Clevinger, Mike",605182,"CLE","FF","4-Seam Fastball",1.7,18,"1067",51.1,"255","0.192","0.341","0.276",30,36.1,25.7,"0.204","0.371","0.286",44.5
"Brault, Steven",643230,"PIT","FF","4-Seam Fastball",-0.6,-6,"1013",50.6,"254","0.285","0.516","0.394",19,20.5,17.5,"0.266","0.5","0.366",39.4
"Kikuchi, Yusei",579328,"SEA","SL","Slider",-1.4,-10,"736",28,"254","0.27","0.478","0.368",25.9,22,18.1,"0.233","0.39","0.302",32.6
"Means, John",607644,"BAL","FF","4-Seam Fastball",0.3,4,"1360",50.7,"252","0.273","0.45","0.337",18,19.8,12.9,"0.26","0.484","0.338",40.7
"Nola, Aaron",605400,"PHI","FF","4-Seam Fastball",-0.5,-6,"1180",35.4,"252","0.269","0.509","0.394",19.4,21.8,19.4,"0.259","0.485","0.369",44.7
"Cashner, Andrew",488768,"BOS","FF","4-Seam Fastball",-0.6,-7,"1138",45.3,"251","0.298","0.465","0.384",18,19.5,16.2,"0.275","0.506","0.377",48.2
"Pomeranz, Drew",519141,"MIL","FF","4-Seam Fastball",0.8,9,"1022",52.6,"251","0.223","0.459","0.336",29.1,34.7,24.4,"0.205","0.436","0.317",35.6
"Holland, Derek",502706,"CHC","SI","Sinker",-0.4,-3,"914",62.1,"251","0.26","0.481","0.375",18.4,22.3,19.2,"0.24","0.473","0.354",44
"Stroman, Marcus",573186,"NYM","SV","Slurve",2.3,22,"933",30.6,"250","0.169","0.241","0.211",35.3,33.6,21.4,"0.196","0.307","0.233",31.6
"Tanaka, Masahiro",547888,"NYY","FS","Split-Finger",0.4,3,"743",26.7,"249","0.26","0.413","0.32",18.4,12.9,13.5,"0.283","0.408","0.305",37
"Sale, Chris",519242,"BOS","SL","Slider",0.8,7,"947",38.4,"249","0.197","0.318","0.276",35.7,42.2,28.3,"0.169","0.279","0.239",26.9
"Strasburg, Stephen",544931,"WSH","CU","Curveball",2.3,24,"1037",30.7,"247","0.161","0.239","0.208",38.8,39.3,26.7,"0.17","0.242","0.211",23
"Kershaw, Clayton",477132,"LAD","FF","4-Seam Fastball",1.1,12,"1130",43.9,"247","0.229","0.44","0.331",18.1,13.8,16.1,"0.248","0.425","0.324",27.1
"Junis, Jakob",596001,"KC","FF","4-Seam Fastball",-1.7,-17,"984",33.7,"246","0.344","0.633","0.448",16.3,10.2,11.7,"0.357","0.632","0.442",42.3
"Smyly, Drew",592767,"PHI","SI","Sinker",-1.2,-12,"1016",47.7,"246","0.268","0.641","0.429",19.7,19.1,15.3,"0.277","0.602","0.406",43.3
"Chacín, Jhoulys",468504,"BOS","SL","Slider",0.7,7,"964",49.6,"244","0.214","0.377","0.303",25.6,29.1,21.8,"0.213","0.343","0.28",33.1
"Strasburg, Stephen",544931,"WSH","FF","4-Seam Fastball",0.4,4,"968",28.6,"244","0.245","0.454","0.334",23.9,26.2,21.3,"0.222","0.397","0.304",46.8
"Ureña, José",570632,"MIA","SI","Sinker",-0.6,-5,"863",62.9,"244","0.32","0.495","0.387",14.2,11.5,14.8,"0.319","0.519","0.38",40.1
"Vargas, Jason",450306,"PHI","CH","Changeup",0.6,6,"879",35.1,"243","0.22","0.327","0.294",36.3,23.9,20.3,"0.223","0.372","0.281",26.3
"Shaw, Bryan",543766,"COL","FC","Cutter",0,0,"894",75.3,"242","0.246","0.43","0.351",19.6,12.8,16,"0.269","0.468","0.364",43.3
"Bassitt, Chris",605135,"OAK","SI","Sinker",1.9,19,"990",41.1,"241","0.235","0.366","0.318",14.7,12.9,16,"0.264","0.434","0.339",35.5
"Quintana, Jose",500779,"CHC","FF","4-Seam Fastball",0.2,2,"992",36.3,"240","0.292","0.431","0.35",21.5,24.2,21.1,"0.283","0.439","0.332",39.4
"Alcantara, Sandy",645261,"MIA","SI","Sinker",0.6,5,"853",27.6,"240","0.243","0.379","0.339",22.2,10.8,18.7,"0.258","0.413","0.342",27.5
"Archer, Chris",502042,"PIT","SL","Slider",-0.2,-2,"746",35.6,"239","0.231","0.375","0.31",42.7,36.8,27.5,"0.221","0.347","0.291",29
"Porcello, Rick",519144,"BOS","FF","4-Seam Fastball",0.3,3,"931",31.5,"238","0.274","0.475","0.34",18.8,21.4,13.7,"0.261","0.537","0.347",45.7
"Leake, Mike",502190,"AZ","FC","Cutter",0.5,4,"774",26.1,"237","0.276","0.467","0.338",16.2,15.2,14.8,"0.265","0.44","0.312",31.4
"Cole, Gerrit",543037,"HOU","SL","Slider",1.8,14,"778",23.2,"236","0.187","0.317","0.232",39.9,38.1,27.4,"0.182","0.302","0.217",28.6
"Rodriguez, Eduardo",593958,"BOS","CH","Changeup",0.6,5,"830",23.7,"236","0.257","0.36","0.299",37.1,20.3,20.2,"0.219","0.321","0.257",19.4
"Plutko, Adam",592644,"CLE","FF","4-Seam Fastball",-0.1,-1,"967",53.9,"235","0.286","0.53","0.364",16.3,18.3,12.9,"0.276","0.532","0.358",40.3
"Musgrove, Joe",605397,"PIT","FF","4-Seam Fastball",-0.6,-6,"997",37.6,"235","0.3","0.536","0.401",14.9,9.8,9.1,"0.295","0.546","0.379",39.7
"Plesac, Zach",668676,"CLE","FF","4-Seam Fastball",0.1,1,"957",50.6,"235","0.256","0.473","0.354",14.8,19.6,15.3,"0.298","0.561","0.395",48.1
"Berríos, José",621244,"MIN","SV","Slurve",-0.3,-2,"885",28.3,"234","0.247","0.416","0.312",29.3,27.8,21.2,"0.228","0.421","0.292",32.7
"Jurado, Ariel",642558,"TEX","SI","Sinker",-0.9,-8,"844",41.3,"234","0.316","0.51","0.388",13.4,16.2,17.8,"0.299","0.504","0.377",50.6
"Pérez, Martín",527048,"MIN","FC","Cutter",1,8,"854",30.8,"234","0.214","0.343","0.278",22.6,23.1,20.3,"0.206","0.312","0.261",25.6
"Gray, Jon",592351,"COL","SL","Slider",1.9,15,"795",33.5,"233","0.183","0.297","0.239",41.1,39.1,29.2,"0.194","0.281","0.225",33.6
"Lucchesi, Joey",664192,"SD","CU","Curveball",0.4,4,"925",35,"233","0.183","0.326","0.264",38.5,28.8,19.5,"0.194","0.354","0.267",30.5
"Eflin, Zach",621107,"PHI","FF","4-Seam Fastball",-0.1,-1,"865",33.6,"233","0.248","0.442","0.35",21.9,20.6,16.7,"0.239","0.45","0.323",38.4
"Gonzales, Marco",594835,"SEA","CH","Changeup",0.4,3,"761",24.1,"233","0.244","0.41","0.309",22.2,12,13.7,"0.252","0.398","0.299",25.9
"Doolittle, Sean",448281,"WSH","FF","4-Seam Fastball",0.4,4,"947",88.2,"232","0.259","0.468","0.337",22.5,25,17.1,"0.236","0.468","0.318",42.8
"Rodríguez, Richard",593144,"PIT","FF","4-Seam Fastball",0,0,"942",81.9,"232","0.261","0.441","0.349",21.4,19.8,15.7,"0.255","0.449","0.33",39.2
"Bieber, Shane",669456,"CLE","SL","Slider",1.5,13,"854",26.5,"231","0.208","0.33","0.259",43.5,34.6,30.8,"0.206","0.314","0.241",35.5
"Maeda, Kenta",628317,"LAD","SL","Slider",2.2,16,"757",31.1,"231","0.157","0.29","0.226",40.8,34.2,27.5,"0.171","0.271","0.215",20.1
"Roark, Tanner",543699,"OAK","SI","Sinker",0.6,5,"866",30,"229","0.295","0.454","0.364",15.5,22.7,21.3,"0.287","0.48","0.355",43.6
"Hader, Josh",623352,"MIL","SI","Sinker",1.1,11,"960",84.3,"229","0.171","0.424","0.284",40.7,48.5,34.8,"0.17","0.366","0.259",46.5
"Yarbrough, Ryan",642232,"TB","FC","Cutter",1.9,14,"755",36.7,"228","0.224","0.379","0.291",14.4,19.3,20.2,"0.243","0.374","0.282",22.1
"Darvish, Yu",506433,"CHC","SL","Slider",2.4,21,"882",31,"227","0.193","0.333","0.262",33.2,29.5,28,"0.207","0.348","0.266",42
"Green, Chad",643338,"NYY","FF","4-Seam Fastball",0.3,3,"1019",77.3,"225","0.253","0.449","0.341",28.1,33.8,19.6,"0.235","0.427","0.321",54.4
"Márquez, Germán",608566,"COL","FF","4-Seam Fastball",1.2,11,"927",35.4,"225","0.296","0.488","0.368",15.7,13.3,16.9,"0.319","0.524","0.381",43.3
"Morton, Charlie",450203,"TB","FF","4-Seam Fastball",0.5,5,"936",29.8,"224","0.217","0.384","0.304",28.9,37.9,26.4,"0.206","0.365","0.29",38.6
"Flaherty, Jack",656427,"STL","SL","Slider",2,17,"876",27.6,"223","0.184","0.324","0.255",45.2,40.8,28.2,"0.168","0.282","0.226",19
"Sale, Chris",519242,"BOS","FF","4-Seam Fastball",-0.1,-1,"883",35.8,"223","0.217","0.444","0.307",28.5,46.2,27.4,"0.213","0.415","0.287",50.9
"Fiers, Mike",571666,"OAK","FF","4-Seam Fastball",0.3,3,"929",32.7,"222","0.245","0.461","0.328",17,19.4,13.9,"0.267","0.543","0.359",50.9
"Cashner, Andrew",488768,"BOS","CH","Changeup",1.9,13,"700",27.9,"222","0.217","0.353","0.288",27.8,17.1,18.1,"0.244","0.398","0.298",33.5
"DeSclafani, Anthony",543101,"CIN","FF","4-Seam Fastball",0.6,5,"963",37.2,"221","0.255","0.449","0.335",21.4,19,17.6,"0.24","0.456","0.328",45.9
"Berríos, José",621244,"MIN","SI","Sinker",1.3,9,"722",23.1,"220","0.25","0.38","0.342",12.6,14.1,18.9,"0.261","0.397","0.327",28.2
"Sanchez, Aaron",592717,"HOU","FF","4-Seam Fastball",-1.5,-12,"838",36.4,"219","0.324","0.561","0.442",18.9,16,16.7,"0.294","0.527","0.415",53.2
"Lester, Jon",452657,"CHC","FF","4-Seam Fastball",-0.6,-6,"862",28.3,"218","0.305","0.533","0.389",15.4,19.3,17.3,"0.293","0.545","0.377",38
"Hughes, Jared",453172,"PHI","SI","Sinker",1,8,"822",74.5,"218","0.234","0.417","0.33",19,12.8,14.4,"0.266","0.426","0.334",35.5
"Snell, Blake",605483,"TB","FF","4-Seam Fastball",0.6,6,"914",48.4,"216","0.265","0.4","0.319",27.3,31.9,21.2,"0.217","0.339","0.265",37.9
"Milone, Tommy",543548,"SEA","CH","Changeup",2.2,14,"637",38.1,"216","0.204","0.325","0.244",30,20.8,17.5,"0.234","0.38","0.274",20.1
"Keller, Brad",641745,"KC","SL","Slider",1,8,"851",31.4,"216","0.194","0.316","0.246",29.6,28.7,20.1,"0.208","0.331","0.25",40
"Heaney, Andrew",571760,"LAA","SI","Sinker",0.4,4,"978",57.9,"215","0.237","0.441","0.344",27.5,27,20.1,"0.23","0.441","0.334",48.8
"Smith, Caleb",592761,"MIA","SL","Slider",-0.6,-5,"840",31.6,"215","0.224","0.403","0.31",31,29.8,21.5,"0.218","0.418","0.287",32.4
"Sánchez, Aníbal",434671,"WSH","FC","Cutter",1.4,9,"632",23.5,"215","0.188","0.318","0.285",18.6,21.4,20.3,"0.216","0.344","0.283",23.8
"Richards, Trevor",670950,"TB","FF","4-Seam Fastball",0.5,5,"1000",43.7,"213","0.258","0.423","0.347",26.6,25.4,17.9,"0.255","0.474","0.357",41.5
"Márquez, Germán",608566,"COL","CU","Curveball",2.4,14,"614",23.5,"213","0.13","0.213","0.157",43.6,50.7,29.7,"0.157","0.252","0.189",32.4
"Britton, Zack",502154,"NYY","SI","Sinker",1.6,13,"806",86.4,"212","0.207","0.291","0.291",23.6,13.2,16.4,"0.219","0.334","0.305",37
"Giolito, Lucas",608337,"CWS","CH","Changeup",2.2,16,"736",26.2,"211","0.19","0.36","0.274",41.2,34.1,29.4,"0.189","0.312","0.258",24.4
"Paddack, Chris",663978,"SD","CH","Changeup",1.2,8,"650",28.5,"210","0.19","0.349","0.276",29.2,25.7,20.8,"0.217","0.366","0.274",28.2
"Lambert, Peter",663567,"COL","FF","4-Seam Fastball",-1.3,-11,"833",52.7,"210","0.308","0.577","0.425",9.7,13.3,14.8,"0.315","0.513","0.389",46.8
"Syndergaard, Noah",592789,"NYM","FF","4-Seam Fastball",0.1,1,"906",29.3,"209","0.275","0.44","0.345",24.7,19.1,14.7,"0.243","0.359","0.299",28.4
"Estévez, Carlos",608032,"COL","FF","4-Seam Fastball",-0.6,-5,"837",67.5,"209","0.262","0.53","0.384",30.4,27.3,23,"0.25","0.481","0.341",47.7
"Barria, Jaime",642545,"LAA","SL","Slider",0.2,1,"705",47.1,"208","0.247","0.511","0.353",24.3,25.5,20.7,"0.229","0.433","0.312",34.1
"Teheran, Julio",527054,"ATL","SI","Sinker",2.5,17,"688",22.7,"208","0.188","0.263","0.255",11.7,23.6,23.3,"0.225","0.308","0.276",38.4
"Germán, Domingo",593334,"NYY","CU","Curveball",0.8,7,"812",36.1,"206","0.189","0.384","0.282",45,44.7,30.6,"0.186","0.312","0.244",41.4
"Houser, Adrian",605288,"MIL","SI","Sinker",1.7,11,"654",36.1,"205","0.242","0.347","0.3",17.3,21,24.6,"0.215","0.301","0.252",32.9
"Samardzija, Jeff",502188,"SF","FC","Cutter",2,15,"746",24.9,"205","0.198","0.333","0.253",16.1,19,14.8,"0.242","0.416","0.293",35.7
"Suero, Wander",593833,"WSH","FC","Cutter",1,8,"873",72.1,"204","0.268","0.383","0.315",29.2,28.4,23.3,"0.29","0.448","0.347",37
"Hendriks, Liam",521230,"OAK","FF","4-Seam Fastball",1.7,15,"913",69.3,"204","0.242","0.368","0.292",29.1,27,22.8,"0.216","0.375","0.271",40.1
"Quintana, Jose",500779,"CHC","SI","Sinker",0.8,5,"697",25.5,"203","0.298","0.466","0.351",12.5,16.7,18.1,"0.282","0.44","0.35",42.4
"Osich, Josh",592612,"CWS","FC","Cutter",0.8,6,"703",66.8,"203","0.238","0.455","0.324",27,22.2,21.4,"0.241","0.439","0.312",37.2
"Gonzales, Marco",594835,"SEA","FC","Cutter",0,0,"653",20.7,"201","0.25","0.356","0.307",16.2,24.4,19.2,"0.231","0.345","0.271",35.7
"Newcomb, Sean",656794,"ATL","FF","4-Seam Fastball",0.4,3,"770",65.2,"200","0.276","0.425","0.357",19.7,17,16.3,"0.25","0.387","0.323",28.4
"Beeks, Jalen",656222,"TB","FF","4-Seam Fastball",-1,-8,"801",44,"200","0.323","0.494","0.412",18.5,15,12.8,"0.31","0.519","0.404",40.4
"Wheeler, Zack",554430,"NYM","FF","4-Seam Fastball",1.1,11,"947",30,"200","0.24","0.337","0.305",27,29.5,20.3,"0.232","0.347","0.29",32.5
"Porcello, Rick",519144,"BOS","SI","Sinker",0.7,5,"757",25.6,"200","0.305","0.489","0.356",10.4,16.5,22.4,"0.276","0.449","0.32",37.7
"Germán, Domingo",593334,"NYY","FF","4-Seam Fastball",0,0,"772",34.4,"199","0.243","0.514","0.361",19.7,18.6,18,"0.256","0.55","0.362",49
"Bailey, Homer",456701,"OAK","FS","Split-Finger",1.1,8,"740",26.4,"199","0.182","0.302","0.227",38.2,37.2,21.2,"0.18","0.264","0.2",27.5
"Pannone, Thomas",623381,"TOR","FF","4-Seam Fastball",-0.9,-7,"774",61.7,"199","0.248","0.509","0.387",25.5,22.6,20.7,"0.226","0.474","0.36",42.6
"Greinke, Zack",425844,"HOU","CH","Changeup",2.6,17,"682",21.9,"199","0.194","0.298","0.238",27.8,23.6,22.6,"0.227","0.358","0.268",32.4
"Leake, Mike",502190,"AZ","CH","Changeup",-0.6,-4,"615",20.7,"199","0.299","0.454","0.343",17.3,10.1,13.5,"0.317","0.473","0.344",48.6
"Urías, Julio",628711,"LAD","FF","4-Seam Fastball",2.1,16,"786",58.5,"197","0.182","0.288","0.284",27.1,23.9,21.2,"0.186","0.303","0.273",26.8
"López, Pablo",641154,"MIA","FF","4-Seam Fastball",0.4,3,"760",42.4,"197","0.277","0.429","0.326",20,20.3,17.3,"0.242","0.415","0.308",37.1
"Sánchez, Aníbal",434671,"WSH","FS","Split-Finger",1.1,7,"633",23.5,"197","0.237","0.409","0.314",32.4,23.4,19.9,"0.217","0.341","0.263",22.1
"Hernández, Elieser",622694,"MIA","FF","4-Seam Fastball",-1.6,-12,"773",53.6,"197","0.297","0.581","0.423",20.6,22.8,17.4,"0.252","0.46","0.344",39.5
"Hess, David",605276,"BAL","FF","4-Seam Fastball",-2.2,-17,"764",53.4,"196","0.287","0.635","0.439",15,18.9,16.2,"0.306","0.671","0.433",56.3
"Stanek, Ryne",592773,"MIA","FF","4-Seam Fastball",-0.2,-2,"723",55.7,"195","0.25","0.476","0.373",22.9,15.4,17.6,"0.277","0.55","0.4",46.3
"Agrazal, Dario",642607,"PIT","SI","Sinker",0.1,0,"634",55.2,"195","0.282","0.492","0.361",8.7,9.2,12.9,"0.268","0.474","0.341",31.7
"Hudson, Dakota",641712,"STL","SL","Slider",0.8,6,"730",25.7,"195","0.19","0.345","0.292",42.1,34.9,26.9,"0.184","0.337","0.28",28.4
"Pineda, Michael",501381,"MIN","SL","Slider",-0.8,-5,"641",29.4,"194","0.243","0.47","0.319",37.2,36.1,25.4,"0.214","0.357","0.266",30.4
"Pérez, Martín",527048,"MIN","SI","Sinker",0.1,1,"687",24.8,"194","0.302","0.383","0.362",13.9,14.4,15.7,"0.258","0.335","0.322",30.7
"Jansen, Kenley",445276,"LAD","FC","Cutter",0.5,4,"779",74.3,"194","0.232","0.429","0.329",30.4,28.9,21.6,"0.214","0.378","0.28",30.1
"Hamels, Cole",430935,"CHC","FF","4-Seam Fastball",-0.6,-5,"849",35.5,"193","0.317","0.565","0.419",22.4,17.6,17.6,"0.282","0.518","0.392",53.4
"Thornton, Trent",663423,"TOR","SL","Slider",0.3,2,"748",27.1,"192","0.227","0.354","0.269",31.7,33.3,19.8,"0.212","0.338","0.255",31.7
"Poche, Colin",621363,"TB","FF","4-Seam Fastball",1.2,9,"769",88.5,"192","0.172","0.361","0.278",34.3,35.4,24.5,"0.168","0.335","0.263",39.2
"Eflin, Zach",621107,"PHI","SL","Slider",0.6,5,"790",30.7,"192","0.26","0.39","0.304",22,17.7,14.5,"0.251","0.391","0.299",31
"Keller, Brad",641745,"KC","SI","Sinker",-0.2,-1,"684",25.2,"192","0.29","0.408","0.358",11.5,5.2,11,"0.281","0.415","0.341",35.4
"Mikolas, Miles",571945,"STL","FF","4-Seam Fastball",0.5,4,"774",27.6,"191","0.287","0.466","0.346",22.4,23,16.6,"0.258","0.424","0.312",36.3
"Mikolas, Miles",571945,"STL","SI","Sinker",0.3,2,"666",23.8,"191","0.257","0.492","0.354",16.3,15.2,16.6,"0.304","0.542","0.374",48
"Woodruff, Brandon",605540,"MIL","FF","4-Seam Fastball",2.1,16,"757",38.3,"191","0.208","0.286","0.262",26.7,40.8,24.7,"0.198","0.316","0.265",35.1
"Hoffman, Jeff",656546,"COL","FF","4-Seam Fastball",-2.3,-17,"738",58.8,"190","0.323","0.741","0.49",15.6,13.2,13.6,"0.34","0.719","0.475",47.8
"Givens, Mychal",571710,"BAL","FF","4-Seam Fastball",0.7,5,"767",70.2,"190","0.219","0.444","0.318",32,36.8,26.6,"0.22","0.452","0.316",50.5
"Lyles, Jordan",543475,"MIL","CU","Curveball",0.1,1,"745",31.3,"190","0.216","0.369","0.283",28.9,37.9,21.9,"0.205","0.311","0.255",40.4
"Zimmermann, Jordan",519455,"DET","SL","Slider",-0.7,-4,"589",31.6,"189","0.311","0.559","0.385",22.8,16.9,17.5,"0.305","0.552","0.377",36.1
"Jackson, Luke",592426,"ATL","SL","Slider",1.8,12,"672",53.6,"188","0.227","0.304","0.251",42,39.4,28.1,"0.161","0.24","0.191",31.8
"Rodríguez, Dereck",605446,"SF","FF","4-Seam Fastball",-3.3,-22,"670",40.3,"188","0.319","0.6","0.468",15.8,11.7,10.8,"0.311","0.584","0.419",45.3
"Gaviglio, Sam",543208,"TOR","SL","Slider",1,7,"632",44.3,"188","0.183","0.4","0.262",37.3,29.8,27.1,"0.19","0.415","0.264",31
"Fedde, Erick",607200,"WSH","SI","Sinker",-0.5,-4,"708",55,"185","0.316","0.475","0.397",6.9,7.6,8.4,"0.369","0.578","0.438",45.3
"Mikolas, Miles",571945,"STL","SL","Slider",-0.4,-2,"657",23.4,"185","0.285","0.477","0.35",24.5,16.2,14,"0.286","0.439","0.334",31.3
"Pivetta, Nick",601713,"PHI","FF","4-Seam Fastball",-1.7,-14,"798",49.3,"184","0.348","0.697","0.481",22.5,17.9,15.7,"0.324","0.612","0.437",46
"Bradley, Archie",605151,"AZ","FF","4-Seam Fastball",-0.4,-3,"751",58.5,"184","0.283","0.459","0.368",21.9,29.9,23.5,"0.254","0.44","0.338",44.4
"Strasburg, Stephen",544931,"WSH","CH","Changeup",1.5,10,"701",20.7,"184","0.14","0.238","0.209",44.2,41.3,22.9,"0.149","0.231","0.199",14.4
"Eflin, Zach",621107,"PHI","SI","Sinker",-0.7,-4,"562",21.9,"184","0.267","0.471","0.366",13.7,16.3,19.1,"0.233","0.368","0.284",31
"Buttrey, Ty",621142,"LAA","FF","4-Seam Fastball",0.7,5,"690",57,"183","0.262","0.378","0.331",25.5,25.7,23.4,"0.263","0.411","0.328",41.9
"Bummer, Aaron",607481,"CWS","SI","Sinker",1.9,14,"703",67.7,"183","0.195","0.268","0.263",16.1,15.8,17,"0.2","0.277","0.257",39.7
"Lynn, Lance",458681,"TEX","SI","Sinker",-0.7,-4,"590",17.2,"183","0.325","0.47","0.376",19.1,18,20,"0.267","0.416","0.318",31.6
"Sampson, Adrian",592716,"TEX","SL","Slider",-0.4,-3,"682",33.2,"182","0.224","0.437","0.307",35.5,31.3,24.3,"0.224","0.405","0.281",38.5
"LeBlanc, Wade",453281,"SEA","FC","Cutter",-0.6,-4,"591",30.2,"182","0.274","0.506","0.368",16.5,22,19.3,"0.304","0.539","0.384",48.8
"Hudson, Daniel",543339,"WSH","FF","4-Seam Fastball",0.9,7,"770",63.3,"182","0.252","0.428","0.333",20.2,20.9,15.5,"0.245","0.488","0.341",44.8
"Rodriguez, Eduardo",593958,"BOS","SI","Sinker",0.9,5,"551",15.8,"181","0.203","0.247","0.261",15,33.7,20.3,"0.166","0.226","0.234",29.6
"Maeda, Kenta",628317,"LAD","FS","Split-Finger",0.9,5,"587",24.1,"181","0.183","0.314","0.259",35.9,27.1,19.8,"0.22","0.304","0.256",29.2
"Peña, Félix",570240,"LAA","SL","Slider",1.2,7,"619",39.4,"181","0.139","0.277","0.229",45.9,42,32.6,"0.168","0.298","0.237",31.1
"Samardzija, Jeff",502188,"SF","SI","Sinker",-0.5,-3,"579",19.3,"181","0.277","0.464","0.351",11.7,13.8,13.4,"0.285","0.478","0.349",39.4
"Cessa, Luis",570666,"NYY","SL","Slider",0.4,3,"674",49.9,"181","0.204","0.407","0.298",40.7,33.7,24.1,"0.187","0.311","0.249",37.4
"Musgrove, Joe",605397,"PIT","SL","Slider",2.1,12,"586",22.1,"180","0.174","0.24","0.215",39.4,40.6,26.9,"0.163","0.246","0.204",24
"Colomé, Alex",517008,"CWS","FC","Cutter",1.3,9,"666",68.3,"180","0.174","0.299","0.246",31.2,24.4,22,"0.231","0.394","0.294",41.3
"Melancon, Mark",453343,"ATL","FC","Cutter",0.1,1,"637",59.6,"180","0.315","0.4","0.356",19.1,18.9,20.7,"0.275","0.384","0.317",41.2
"Anderson, Shaun",641312,"SF","FF","4-Seam Fastball",-0.6,-4,"715",45.2,"178","0.308","0.478","0.377",17.4,15.2,14.2,"0.276","0.459","0.344",39.7
"Peña, Félix",570240,"LAA","SI","Sinker",0.3,2,"701",44.6,"178","0.278","0.487","0.391",12.3,10.7,13.2,"0.326","0.568","0.411",45.3
"Pivetta, Nick",601713,"PHI","CU","Curveball",0.3,2,"570",35.2,"177","0.215","0.35","0.29",25.1,26,23.7,"0.209","0.322","0.256",25
"Skaggs, Tyler",572140,"LAA","FF","4-Seam Fastball",0.4,3,"699",50.4,"177","0.263","0.428","0.353",17,16.9,15.4,"0.275","0.45","0.349",36
"Ryu, Hyun Jin",547943,"LAD","FF","4-Seam Fastball",1.1,8,"738",27.3,"177","0.222","0.364","0.285",19.8,24.9,19.1,"0.248","0.362","0.289",33.6
"DeSclafani, Anthony",543101,"CIN","SI","Sinker",0.5,2,"467",18.1,"177","0.226","0.39","0.306",11.9,25.4,22.1,"0.221","0.376","0.282",31.7
"May, Trevor",543507,"MIN","FF","4-Seam Fastball",2.4,17,"718",61.6,"177","0.15","0.242","0.248",32.4,33.3,24.8,"0.173","0.311","0.269",36.5
"Sabathia, CC",282332,"NYY","FC","Cutter",-1.3,-10,"726",42,"176","0.28","0.561","0.392",22.6,18.2,17.5,"0.244","0.448","0.331",33.3
"Gray, Sonny",543243,"CIN","FF","4-Seam Fastball",-1,-8,"798",28.4,"175","0.321","0.55","0.427",17.4,15.4,14.7,"0.278","0.512","0.393",40.7
"Maeda, Kenta",628317,"LAD","FF","4-Seam Fastball",-0.3,-3,"832",34.2,"175","0.278","0.514","0.393",20.7,19.4,18.9,"0.254","0.459","0.359",36.3
"Neris, Héctor",593576,"PHI","FS","Split-Finger",1.7,12,"735",65.3,"175","0.17","0.283","0.24",42,32.6,24.1,"0.182","0.297","0.239",32.4
"Beeks, Jalen",656222,"TB","CH","Changeup",-0.8,-5,"571",31.4,"175","0.274","0.44","0.332",27.1,21.7,21.8,"0.284","0.46","0.327",38.6
"Wainwright, Adam",425794,"STL","SI","Sinker",-1.3,-9,"699",25.1,"174","0.333","0.535","0.397",9.6,16.7,16.6,"0.324","0.532","0.389",55.7
"Stroman, Marcus",573186,"NYM","FC","Cutter",-0.2,-1,"744",24.4,"174","0.293","0.47","0.347",24.9,20.7,16.7,"0.256","0.426","0.308",31
"Guerra, Javy",457915,"WSH","FF","4-Seam Fastball",1.5,9,"636",59.1,"174","0.248","0.412","0.309",14.4,18.4,16.2,"0.239","0.427","0.299",36.8
"Godley, Zack",643327,"TOR","CU","Curveball",0.2,1,"652",42.1,"174","0.24","0.396","0.319",33.5,28.2,18.4,"0.23","0.362","0.303",27.1
"McFarland, T.J.",519008,"AZ","SI","Sinker",-0.1,-1,"608",68,"173","0.318","0.484","0.38",15.9,11,13.5,"0.299","0.466","0.355",40.7
"Jiménez, Joe",641729,"DET","FF","4-Seam Fastball",0.1,1,"721",68.3,"173","0.22","0.473","0.346",29.2,31.8,23.8,"0.2","0.408","0.309",33.7
"Díaz, Edwin",621242,"NYM","FF","4-Seam Fastball",-0.3,-2,"706",65.9,"172","0.233","0.44","0.332",34.8,41.3,26.2,"0.188","0.335","0.273",46.9
"Samardzija, Jeff",502188,"SF","FF","4-Seam Fastball",1,8,"830",27.7,"171","0.174","0.403","0.302",20.5,22.2,14.9,"0.226","0.51","0.349",42.9
"Tanaka, Masahiro",547888,"NYY","FF","4-Seam Fastball",-1,-8,"767",27.5,"171","0.318","0.623","0.429",17.3,18.1,13.7,"0.293","0.596","0.396",46
"Kennedy, Ian",453178,"KC","FF","4-Seam Fastball",1.9,14,"733",66.9,"171","0.209","0.314","0.268",25.3,30.4,21.7,"0.206","0.369","0.281",42.3
"Minor, Mike",501985,"TEX","SL","Slider",-1.5,-10,"651",19.4,"171","0.312","0.494","0.381",23.3,22.8,16.5,"0.261","0.447","0.333",39.3
"Castillo, Luis",622491,"CIN","SI","Sinker",1.2,8,"639",20.8,"171","0.283","0.414","0.355",13.7,7.6,13.5,"0.285","0.387","0.333",47.9
"López, Jorge",605347,"KC","CU","Curveball",0.2,1,"662",32.2,"171","0.225","0.425","0.294",32.9,32.2,23.6,"0.228","0.431","0.299",40.2
"Wojciechowski, Asher",592879,"BAL","FF","4-Seam Fastball",-0.1,0,"791",53.9,"170","0.252","0.497","0.375",21.6,18.2,15.7,"0.27","0.544","0.391",39.8
"James, Josh",657624,"HOU","FF","4-Seam Fastball",0.5,3,"717",63.3,"170","0.236","0.4","0.347",29.5,30,23.8,"0.195","0.312","0.3",43.8
"Gausman, Kevin",592332,"CIN","FS","Split-Finger",0.4,3,"619",37.7,"170","0.237","0.329","0.279",40.4,32.4,22.4,"0.203","0.283","0.243",25
"Wittgren, Nick",621295,"CLE","FF","4-Seam Fastball",1.3,9,"642",66.4,"170","0.209","0.392","0.293",23.1,30,19.6,"0.251","0.465","0.325",49.5
"Anderson, Brett",474463,"OAK","SL","Slider",0.2,1,"497",18.7,"169","0.239","0.413","0.314",23.2,24.9,17.3,"0.24","0.421","0.312",37.2
"Soto, Gregory",642397,"DET","SI","Sinker",-0.2,-1,"710",64,"169","0.308","0.441","0.401",14.8,10.1,9.6,"0.327","0.559","0.417",49.6
"Bundy, Dylan",605164,"BAL","SL","Slider",1.4,9,"632",22.8,"169","0.152","0.265","0.243",47.7,40.8,24.2,"0.162","0.252","0.225",27.4
"Clarke, Taylor",664199,"AZ","FF","4-Seam Fastball",-2.1,-15,"693",45.9,"168","0.279","0.694","0.437",15.3,16.7,12.6,"0.271","0.592","0.392",45.1
"Freeland, Kyle",607536,"COL","FF","4-Seam Fastball",-0.6,-4,"724",40.7,"168","0.299","0.532","0.385",12.1,9.5,12.6,"0.319","0.544","0.386",38.6
"Archer, Chris",502042,"PIT","FF","4-Seam Fastball",0.5,4,"831",39.6,"168","0.245","0.462","0.346",18.7,23.8,21.1,"0.276","0.553","0.383",48.1
"Conley, Adam",543045,"MIA","FF","4-Seam Fastball",-0.4,-2,"655",61.7,"168","0.297","0.51","0.399",22.7,19,18.7,"0.263","0.472","0.357",40.9
"Pérez, Martín",527048,"MIN","CH","Changeup",-0.5,-3,"615",22.2,"167","0.272","0.392","0.324",31.9,21.6,18.4,"0.226","0.33","0.257",23.6
"Teheran, Julio",527054,"ATL","SL","Slider",-2.2,-14,"636",21,"167","0.26","0.459","0.358",35.1,27.5,16,"0.251","0.416","0.327",32.4
"López, Jorge",605347,"KC","FF","4-Seam Fastball",-2.4,-15,"656",31.9,"166","0.313","0.657","0.468",12.8,11.4,14.7,"0.312","0.63","0.443",49.6
"Porcello, Rick",519144,"BOS","SL","Slider",-1.3,-7,"551",18.6,"166","0.233","0.487","0.364",22.3,22.9,16,"0.231","0.463","0.327",30.4
"Bumgarner, Madison",518516,"SF","CU","Curveball",1.4,8,"594",18.3,"166","0.214","0.289","0.239",33.2,39.8,24.6,"0.215","0.344","0.256",45.2
"Barnes, Matt",598264,"BOS","CU","Curveball",1.1,7,"664",50.7,"166","0.183","0.275","0.252",41,47,31.7,"0.156","0.236","0.212",31.6
"Kelly, Merrill",518876,"AZ","CU","Curveball",0.6,4,"632",21.4,"165","0.215","0.417","0.273",30.5,34.5,23.8,"0.222","0.383","0.261",47.2
"Feliz, Michael",593140,"PIT","FF","4-Seam Fastball",0.8,6,"746",73.4,"165","0.22","0.404","0.333",22.5,24.8,17.5,"0.219","0.401","0.317",36.3
"LeBlanc, Wade",453281,"SEA","CH","Changeup",-0.1,0,"608",31.1,"165","0.237","0.438","0.318",30.4,12.1,13.4,"0.256","0.437","0.301",26.2
"Kolarek, Adam",592473,"LAD","SI","Sinker",1.3,7,"566",71.3,"164","0.25","0.368","0.316",21.8,14,22.5,"0.257","0.361","0.299",38.8
"Bieber, Shane",669456,"CLE","CU","Curveball",0.4,3,"660",20.5,"163","0.212","0.346","0.27",48.7,39.9,27.7,"0.204","0.368","0.259",43.5
"Fried, Max",608331,"ATL","CU","Curveball",0.2,1,"660",24.7,"163","0.212","0.327","0.259",38,41.7,28.2,"0.172","0.238","0.204",23.9
"Freeland, Kyle",607536,"COL","FC","Cutter",-1.1,-6,"560",31.5,"163","0.247","0.493","0.362",27,25.8,18,"0.223","0.401","0.3",37.7
"Anderson, Nick",623433,"TB","FF","4-Seam Fastball",0.3,2,"660",59.9,"163","0.267","0.473","0.352",29.6,35.6,23.7,"0.237","0.439","0.312",47.3
"Gray, Sonny",543243,"CIN","ST","Sweeper",2.1,12,"587",20.9,"163","0.119","0.212","0.178",40.1,40.5,24,"0.153","0.242","0.203",23.3
"Kelly, Merrill",518876,"AZ","FC","Cutter",0.7,4,"538",18.2,"163","0.277","0.458","0.336",19.1,12.3,16.3,"0.297","0.504","0.354",39.3
"Quantrill, Cal",615698,"SD","SI","Sinker",1.7,11,"657",36.9,"162","0.242","0.376","0.313",15.6,16,15.2,"0.249","0.393","0.301",24
"Yarbrough, Ryan",642232,"TB","CH","Changeup",2.4,13,"526",25.6,"162","0.206","0.313","0.233",31.8,22.8,22.6,"0.235","0.363","0.258",19.5
"López, Reynaldo",625643,"CWS","SL","Slider",-0.9,-5,"577",18.3,"162","0.247","0.5","0.329",33.9,30.2,21.3,"0.223","0.405","0.273",33.9
"Brebbia, John",605154,"STL","FF","4-Seam Fastball",0.5,4,"687",56.6,"162","0.25","0.375","0.314",27.5,29,18,"0.231","0.383","0.304",44.9
"Castillo, Luis",622491,"CIN","FF","4-Seam Fastball",-0.2,-2,"912",29.7,"162","0.274","0.504","0.388",27.8,17.9,14.6,"0.276","0.496","0.38",38
"DeSclafani, Anthony",543101,"CIN","SL","Slider",0.8,5,"628",24.3,"162","0.25","0.392","0.314",29.6,18.5,18.3,"0.287","0.449","0.34",35
"Wheeler, Zack",554430,"NYM","FC","Cutter",0.3,2,"632",20,"162","0.235","0.359","0.286",26.3,22.8,19.2,"0.246","0.412","0.297",26.5
"Bauer, Trevor",545333,"CIN","CU","Curveball",0.9,6,"726",19.7,"161","0.168","0.277","0.216",32.2,41.6,24.5,"0.202","0.302","0.23",34.8
"Foltynewicz, Mike",592314,"ATL","SL","Slider",-0.2,-1,"538",28.5,"161","0.242","0.477","0.327",33.9,34.2,23.3,"0.225","0.393","0.289",33.3
"Bauer, Trevor",545333,"CIN","ST","Sweeper",-0.3,-2,"513",13.9,"161","0.186","0.345","0.269",43.9,43.5,26.8,"0.157","0.263","0.224",22.1
"Cease, Dylan",656302,"CWS","FF","4-Seam Fastball",-1.8,-12,"646",47.4,"160","0.356","0.637","0.472",22.3,21.3,17.9,"0.299","0.513","0.394",43.1
"Perdomo, Luis",606131,"SD","SI","Sinker",0.4,3,"565",54.3,"160","0.307","0.427","0.358",10.5,10.6,13,"0.293","0.443","0.334",43.3
"Miller, Shelby",571946,"TEX","FF","4-Seam Fastball",-1.6,-9,"581",67.4,"160","0.323","0.546","0.437",18.8,15.6,15,"0.288","0.549","0.416",47.2
"Smyly, Drew",592767,"PHI","CU","Curveball",-0.5,-3,"622",29.2,"160","0.253","0.356","0.316",38.8,33.8,22.3,"0.202","0.314","0.261",21.7
"Morton, Charlie",450203,"TB","SI","Sinker",-0.1,0,"601",19.2,"160","0.328","0.453","0.398",13.1,9.4,14.7,"0.3","0.425","0.363",41.5
"Alcantara, Sandy",645261,"MIA","SL","Slider",-0.4,-3,"664",21.5,"159","0.252","0.464","0.345",31.5,30.8,22.6,"0.222","0.409","0.284",36.3
"Gray, Sonny",543243,"CIN","CU","Curveball",2.2,15,"707",25.2,"159","0.131","0.2","0.197",31,34,26.6,"0.188","0.313","0.249",29
"Lauer, Eric",641778,"SD","FC","Cutter",-0.2,-1,"540",21.5,"159","0.309","0.45","0.362",16.8,15.1,16.8,"0.266","0.436","0.323",28
"Strasburg, Stephen",544931,"WSH","SI","Sinker",0.7,5,"665",19.7,"158","0.295","0.445","0.36",13.7,8.9,11.9,"0.319","0.494","0.37",42.4
"Stratton, Chris",608717,"PIT","FF","4-Seam Fastball",-0.1,-1,"703",56.5,"158","0.293","0.457","0.364",19.2,18.4,16.9,"0.268","0.413","0.335",40.5
"Font, Wilmer",521655,"TOR","FF","4-Seam Fastball",-0.2,-1,"718",47.1,"157","0.243","0.543","0.368",25.8,28.7,18.8,"0.246","0.499","0.348",49
"Vargas, Jason",450306,"PHI","FF","4-Seam Fastball",-0.9,-6,"691",27.6,"157","0.256","0.488","0.386",15.4,19.7,20,"0.223","0.446","0.346",38
"Roe, Chaz",475054,"TB","ST","Sweeper",1.2,7,"593",64.1,"157","0.206","0.291","0.266",30.4,33.1,26.4,"0.229","0.34","0.285",20
"Bassitt, Chris",605135,"OAK","FF","4-Seam Fastball",0.5,3,"576",23.9,"157","0.209","0.324","0.283",22.7,35.7,19,"0.218","0.343","0.279",31.4
"Hamels, Cole",430935,"CHC","CH","Changeup",2.5,13,"511",21.3,"157","0.17","0.27","0.245",43.5,32.5,28.8,"0.189","0.318","0.26",22.8
"Gaviglio, Sam",543208,"TOR","SI","Sinker",-0.3,-2,"605",42.4,"156","0.301","0.5","0.384",13.4,14.7,18.3,"0.28","0.456","0.357",38.6
"Tomlin, Josh",458708,"ATL","FC","Cutter",1.7,8,"491",43.2,"156","0.243","0.428","0.287",19.2,16,17.2,"0.242","0.399","0.27",28.5
"Matz, Steven",571927,"NYM","CH","Changeup",0.1,1,"542",20.1,"156","0.255","0.51","0.366",27.2,12.8,14.5,"0.316","0.633","0.414",40
"McHugh, Collin",543521,"HOU","ST","Sweeper",1.2,7,"565",43.7,"156","0.175","0.343","0.249",39.4,39.1,26,"0.169","0.3","0.23",20.2
"Strahm, Matt",621381,"SD","FF","4-Seam Fastball",-2.4,-16,"639",35.7,"156","0.296","0.641","0.414",20.7,21.2,20.8,"0.315","0.714","0.436",49.1
"Suarez, José",660761,"LAA","CH","Changeup",-1.3,-6,"459",30.9,"155","0.255","0.445","0.36",32.3,27.1,23.2,"0.216","0.341","0.286",38.5
"Canning, Griffin",656288,"LAA","FF","4-Seam Fastball",-1.1,-7,"656",42.3,"155","0.263","0.526","0.375",22.9,22.6,20.2,"0.227","0.476","0.337",37.6
"Brooks, Aaron",605156,"BAL","SI","Sinker",0.3,2,"531",28,"155","0.271","0.486","0.36",8.8,9.7,11,"0.271","0.464","0.339",36.4
"Nola, Aaron",605400,"PHI","CH","Changeup",0.6,4,"618",18.6,"155","0.204","0.345","0.286",30.7,23.9,22.6,"0.212","0.345","0.274",33.3
"Swanson, Erik",657024,"SEA","FF","4-Seam Fastball",-0.4,-3,"652",67.3,"155","0.248","0.56","0.368",27.4,27.7,22.4,"0.257","0.515","0.354",45.5
"Junis, Jakob",596001,"KC","SI","Sinker",-1.8,-9,"505",17.3,"155","0.352","0.549","0.416",9.2,7.1,11.3,"0.32","0.545","0.391",47
"Roark, Tanner",543699,"OAK","FF","4-Seam Fastball",-0.3,-2,"736",25.5,"154","0.221","0.5","0.349",23.4,26,15.6,"0.243","0.502","0.353",39.6
"Armstrong, Shawn",542888,"BAL","FF","4-Seam Fastball",-0.3,-2,"672",59.4,"154","0.254","0.423","0.345",31.2,30.5,21.8,"0.224","0.401","0.321",37.9
"Ynoa, Gabriel",593679,"BAL","SI","Sinker",-0.2,-1,"453",25,"154","0.275","0.536","0.399",12.4,8.4,11,"0.3","0.566","0.394",42.9
"Suarez, José",660761,"LAA","FF","4-Seam Fastball",-2.3,-16,"701",47.2,"153","0.343","0.657","0.455",17.1,11.1,11.3,"0.325","0.616","0.423",37
"Pagán, Emilio",641941,"TB","FF","4-Seam Fastball",2.2,15,"660",61.5,"153","0.166","0.379","0.247",35.9,42.5,28.6,"0.144","0.284","0.2",39.5
"Scherzer, Max",453286,"WSH","SL","Slider",4.1,24,"573",20.7,"153","0.172","0.205","0.174",50.5,40.5,30.8,"0.171","0.229","0.178",28.1
"Kintzler, Brandon",445213,"CHC","SI","Sinker",1.5,9,"586",68.5,"153","0.231","0.357","0.313",12.3,19,22.1,"0.263","0.411","0.311",47.8
"Ramirez, Nick",598286,"DET","CH","Changeup",-0.2,-1,"423",32,"153","0.216","0.381","0.308",42.5,34.6,29.9,"0.194","0.337","0.262",23
"Wacha, Michael",608379,"STL","CH","Changeup",1.8,9,"523",23.8,"153","0.199","0.326","0.255",38.9,36.6,24.3,"0.193","0.328","0.25",24.1
"Bundy, Dylan",605164,"BAL","CH","Changeup",0.9,5,"483",17.4,"153","0.254","0.413","0.329",32.4,19,21.3,"0.251","0.375","0.303",26.1
"Vargas, Jason",450306,"PHI","SI","Sinker",-1.3,-7,"555",22.2,"152","0.302","0.543","0.408",8.2,9.9,14.4,"0.306","0.571","0.399",40.3
"Workman, Brandon",519443,"BOS","CU","Curveball",2.2,13,"585",47,"152","0.132","0.194","0.224",29.7,36.2,27.9,"0.191","0.262","0.263",31.6
"McCarthy, Kevin",641838,"KC","SI","Sinker",-0.9,-5,"515",57.2,"152","0.338","0.525","0.405",19.1,10.5,15,"0.277","0.466","0.339",46.4
"Bleier, Richard",542947,"BAL","SI","Sinker",1.6,8,"487",64.1,"152","0.275","0.394","0.328",13,8.6,14.9,"0.25","0.363","0.286",42.7
"López, Yoan",661255,"AZ","FF","4-Seam Fastball",-0.1,0,"494",57.1,"151","0.267","0.533","0.368",11.8,7.9,13.6,"0.37","0.697","0.461",48.8
"Soroka, Michael",647336,"ATL","SL","Slider",1.8,11,"614",24.1,"151","0.149","0.22","0.202",39.3,42.4,25.3,"0.197","0.315","0.249",35.1
"Ferguson, Caleb",657571,"LAD","FF","4-Seam Fastball",0,0,"643",78,"151","0.254","0.46","0.359",21.9,23.8,20.5,"0.266","0.456","0.351",37.2
"Godley, Zack",643327,"TOR","SI","Sinker",-2.4,-13,"550",35.5,"151","0.326","0.62","0.438",12.4,7.3,15.3,"0.326","0.658","0.443",46.3
"Gibson, Kyle",502043,"MIN","SL","Slider",1.3,8,"574",20.8,"151","0.175","0.277","0.232",52.5,48.3,27.8,"0.162","0.271","0.225",31.8
"Castro, Miguel",612434,"BAL","SI","Sinker",-1.2,-7,"603",48.9,"151","0.346","0.583","0.437",16.3,8.6,14.9,"0.314","0.548","0.406",45.7
"Wainwright, Adam",425794,"STL","FC","Cutter",-0.1,0,"625",22.4,"151","0.316","0.504","0.381",22,14.6,15.6,"0.283","0.467","0.35",32.2
"Miller, Andrew",453192,"STL","SL","Slider",0.6,4,"589",61.3,"151","0.203","0.331","0.287",36.2,34.4,27.8,"0.185","0.289","0.257",26.8
"Gallegos, Giovanny",606149,"STL","FF","4-Seam Fastball",1.6,10,"626",55.2,"151","0.206","0.34","0.271",22.9,28.5,18.8,"0.219","0.415","0.292",41.8
"Greinke, Zack",425844,"HOU","SL","Slider",-0.6,-3,"500",16.1,"151","0.308","0.42","0.326",27.3,21.2,13.7,"0.279","0.419","0.302",35.3
"Wisler, Matt",605538,"SEA","SL","Slider",1.1,7,"659",70.5,"150","0.206","0.346","0.279",40.4,38,23,"0.194","0.302","0.253",27.2
"Duffy, Danny",518633,"KC","SL","Slider",-0.7,-4,"569",26.3,"150","0.239","0.479","0.331",30.7,23.3,17.9,"0.234","0.479","0.312",36.1
"Gallen, Zac",668678,"AZ","FF","4-Seam Fastball",1.1,7,"660",47.6,"150","0.192","0.308","0.307",23.5,30,22.2,"0.213","0.357","0.326",40.8
"Syndergaard, Noah",592789,"NYM","CH","Changeup",1.2,6,"500",16.2,"150","0.214","0.338","0.254",28.2,27.3,20.5,"0.226","0.33","0.249",27.6
"deGrom, Jacob",594798,"NYM","CH","Changeup",2.5,13,"505",15.8,"150","0.186","0.248","0.22",39.4,40.7,30,"0.18","0.269","0.21",31
"Anderson, Chase",502624,"MIL","CH","Changeup",1.3,7,"557",24.2,"150","0.188","0.361","0.285",31,20,14.3,"0.216","0.324","0.277",21
"Paxton, James",572020,"NYY","FC","Cutter",-0.8,-4,"532",20,"149","0.254","0.43","0.309",43.3,40.3,25.3,"0.208","0.347","0.247",42.9
"Chacín, Jhoulys",468504,"BOS","SI","Sinker",-2.7,-16,"611",31.4,"149","0.371","0.652","0.466",12.9,12.1,12.7,"0.348","0.623","0.435",56.9
"Roark, Tanner",543699,"OAK","SL","Slider",-0.9,-6,"630",21.8,"149","0.326","0.536","0.389",21,12.8,15.4,"0.296","0.493","0.354",35.8
"Strahm, Matt",621381,"SD","FC","Cutter",-0.2,-1,"538",30.1,"149","0.282","0.43","0.33",27.6,29.5,20.6,"0.259","0.412","0.302",36.7
"Guerrero, Tayron",594027,"MIA","FF","4-Seam Fastball",-0.2,-1,"631",70.1,"149","0.243","0.4","0.379",25.8,18.8,14.8,"0.253","0.451","0.387",48.3
"Anderson, Shaun",641312,"SF","SL","Slider",-1,-5,"484",30.6,"148","0.259","0.474","0.354",29.9,23.6,19.7,"0.293","0.508","0.368",38.6
"Darvish, Yu",506433,"CHC","FF","4-Seam Fastball",-1,-7,"733",25.7,"148","0.282","0.629","0.424",29.4,25,22.8,"0.28","0.613","0.412",44.4
"Castillo, Diego",650895,"TB","SL","Slider",1.7,10,"576",51.5,"148","0.171","0.302","0.264",44,42.6,30.4,"0.147","0.274","0.238",33.8
"Sabathia, CC",282332,"NYY","SL","Slider",-1,-5,"522",30.2,"148","0.241","0.511","0.351",29.3,33.1,26.8,"0.235","0.435","0.304",30
"McGee, Jake",459429,"COL","FF","4-Seam Fastball",-1.8,-9,"520",80.4,"147","0.321","0.657","0.439",15.9,15.6,17.8,"0.279","0.537","0.365",45.1
"Gott, Trevor",641627,"SF","FF","4-Seam Fastball",2.4,15,"611",66.9,"147","0.192","0.28","0.262",24.7,26.5,19,"0.217","0.394","0.31",40
"Peters, Dillon",596071,"LAA","FF","4-Seam Fastball",-2.4,-14,"578",45.4,"147","0.32","0.72","0.468",15.5,13.6,13,"0.311","0.646","0.428",45.4
"Andriese, Matt",542882,"AZ","FF","4-Seam Fastball",0.7,4,"597",49.7,"146","0.25","0.406","0.334",24.2,29.5,23.5,"0.223","0.39","0.306",34.9
"Ynoa, Gabriel",593679,"BAL","SL","Slider",-0.1,-1,"508",28,"146","0.224","0.413","0.291",29.3,24,14.5,"0.248","0.423","0.289",38.9
"Mikolas, Miles",571945,"STL","CU","Curveball",0.9,5,"600",21.4,"146","0.236","0.321","0.268",26.3,25.3,18.9,"0.253","0.383","0.288",27.9
"Moronta, Reyes",606625,"SF","FF","4-Seam Fastball",1.3,8,"606",58.4,"146","0.234","0.323","0.321",19.1,19.2,17.7,"0.224","0.38","0.319",39.2
"Miley, Wade",489119,"HOU","CH","Changeup",2,12,"592",20.7,"146","0.207","0.274","0.249",37.7,20.5,22.6,"0.191","0.263","0.234",19
"Norris, Daniel",596057,"DET","SL","Slider",1.5,8,"538",22.8,"146","0.211","0.346","0.264",30.4,26,17.2,"0.236","0.388","0.28",34.7
"Chen, Wei-Yin",612672,"MIA","FF","4-Seam Fastball",-1.1,-6,"554",48.1,"145","0.315","0.591","0.426",14.2,20,15.3,"0.283","0.51","0.365",42.6
"Sánchez, Aníbal",434671,"WSH","FF","4-Seam Fastball",0.1,1,"809",30.1,"145","0.267","0.474","0.342",16.2,12.4,10.8,"0.304","0.588","0.391",46.2
"Rogers, Taylor",573124,"MIN","SI","Sinker",1.1,6,"518",49.8,"145","0.25","0.382","0.3",15.2,27.6,28.2,"0.216","0.37","0.266",36.4
"Albers, Matt",458006,"MIL","SI","Sinker",0.9,4,"466",46.4,"145","0.227","0.375","0.328",20.5,23.4,24.8,"0.216","0.36","0.297",30.9
"Márquez, Germán",608566,"COL","SL","Slider",-1,-6,"553",21.1,"144","0.295","0.583","0.397",37.8,22.9,25.4,"0.264","0.523","0.352",42.6
"Zimmermann, Jordan",519455,"DET","FF","4-Seam Fastball",-0.1,-1,"642",34.4,"144","0.289","0.563","0.384",13.3,13.9,14.1,"0.3","0.599","0.4",40.5
"Robles, Hansel",570663,"LAA","FF","4-Seam Fastball",1.7,9,"558",48.9,"144","0.209","0.279","0.264",25.5,31.3,19.5,"0.208","0.335","0.271",34.9
"Stephenson, Robert",596112,"CIN","SL","Slider",3.2,18,"572",57.1,"143","0.125","0.25","0.185",52.3,42.7,30.3,"0.164","0.259","0.203",18.4
"Milone, Tommy",543548,"SEA","FF","4-Seam Fastball",-0.7,-5,"730",43.7,"143","0.298","0.702","0.44",10.9,18.9,13.8,"0.27","0.601","0.381",43.8
"Glasnow, Tyler",607192,"TB","FF","4-Seam Fastball",2.3,14,"606",67.2,"143","0.195","0.328","0.269",22.3,21.7,27,"0.21","0.383","0.297",32.7
"Garrett, Amir",607237,"CIN","SL","Slider",1.7,9,"550",58,"143","0.121","0.21","0.217",54.4,47.6,32.7,"0.128","0.178","0.207",23.2
"Houser, Adrian",605288,"MIL","FF","4-Seam Fastball",0.1,1,"566",31.3,"142","0.203","0.356","0.313",29.3,34.5,23.4,"0.187","0.286","0.28",38
"Sanchez, Aaron",592717,"HOU","CU","Curveball",-0.9,-5,"532",23.1,"142","0.25","0.386","0.305",36.3,38,26,"0.198","0.306","0.242",35.4
"Yamamoto, Jordan",657141,"MIA","FF","4-Seam Fastball",1.4,10,"674",49,"142","0.171","0.325","0.308",16.1,18.3,13.8,"0.241","0.417","0.349",50.5
"Romo, Sergio",489265,"MIN","SL","Slider",2.3,14,"593",59.6,"142","0.183","0.305","0.24",33.3,26.8,19.8,"0.178","0.295","0.227",19.8
"Greinke, Zack",425844,"HOU","CU","Curveball",3.5,16,"456",14.6,"142","0.139","0.241","0.2",32,26.8,22.2,"0.173","0.277","0.207",20.2
"Montas, Frankie",593423,"OAK","SI","Sinker",-0.4,-2,"565",38,"142","0.315","0.469","0.393",15.4,11.3,16.3,"0.328","0.493","0.376",39.1
"Valdez, Framber",664285,"HOU","SI","Sinker",-0.7,-3,"484",41.2,"141","0.317","0.458","0.391",16.1,7.1,16.1,"0.312","0.457","0.38",45
"Fiers, Mike",571666,"OAK","SI","Sinker",0.8,4,"556",19.6,"141","0.275","0.458","0.362",11.3,10.6,14.3,"0.299","0.559","0.4",31.5
"Grace, Matt",594840,"WSH","SI","Sinker",-2.7,-12,"440",62.5,"141","0.372","0.62","0.446",9.9,7.8,12.2,"0.344","0.575","0.401",46.3
"Turnbull, Spencer",605513,"DET","SL","Slider",-0.5,-3,"549",20.7,"140","0.226","0.406","0.302",32.3,30.7,21.7,"0.221","0.414","0.286",38.9
"Norris, Daniel",596057,"DET","CH","Changeup",1.3,6,"448",19,"140","0.212","0.295","0.251",37.4,30.7,25.9,"0.2","0.316","0.244",40
"Happ, J.A.",457918,"NYY","SI","Sinker",1.4,7,"471",17.5,"140","0.252","0.362","0.311",18.5,13.6,19.6,"0.274","0.391","0.322",33
"Price, David",456034,"BOS","SI","Sinker",-1.4,-7,"488",26.2,"140","0.282","0.481","0.363",14.3,26.4,17.1,"0.257","0.461","0.326",38.3
"Farmer, Buck",571656,"DET","FF","4-Seam Fastball",-1,-6,"564",48.8,"139","0.308","0.59","0.427",18.5,19.4,18,"0.294","0.571","0.403",50.5
"Margevicius, Nick",676606,"SD","FF","4-Seam Fastball",-0.8,-4,"518",54.1,"139","0.333","0.569","0.421",16.7,12.9,18,"0.324","0.563","0.402",40.7
"Quintana, Jose",500779,"CHC","CU","Curveball",-0.8,-5,"599",21.9,"138","0.279","0.442","0.351",22.5,15.9,15.1,"0.269","0.434","0.318",33.6
"Syndergaard, Noah",592789,"NYM","SL","Slider",1,5,"470",15.2,"138","0.203","0.353","0.254",39.4,42.8,32.1,"0.15","0.266","0.194",31.1
"Soria, Joakim",465657,"OAK","FF","4-Seam Fastball",0.6,5,"710",64.6,"138","0.252","0.447","0.347",27.1,19.6,19,"0.246","0.491","0.342",42.9
"Swarzak, Anthony",461872,"ATL","SL","Slider",-0.4,-2,"559",59.4,"138","0.236","0.398","0.318",36.8,23.9,20.4,"0.234","0.411","0.315",40
"Devenski, Chris",606965,"HOU","FF","4-Seam Fastball",-0.7,-4,"504",44.1,"138","0.306","0.587","0.397",14.8,10.1,12.3,"0.27","0.538","0.371",46.4
"Bedrosian, Cam",592135,"LAA","SL","Slider",1.4,7,"516",50.9,"138","0.194","0.351","0.258",34.5,27.5,21.8,"0.214","0.386","0.264",39.6
"Rainey, Tanner",663432,"WSH","FF","4-Seam Fastball",-1,-7,"636",70.7,"138","0.253","0.455","0.412",30,23.2,21.1,"0.254","0.47","0.412",52.2
"Diekman, Jake",518617,"OAK","FF","4-Seam Fastball",0.9,5,"575",48.6,"137","0.213","0.287","0.31",28.7,27,21.1,"0.232","0.335","0.33",37
"González, Gio",461829,"MIL","CH","Changeup",3.3,15,"445",31.8,"137","0.154","0.236","0.213",36.1,23.4,27.4,"0.235","0.323","0.276",31.9
"Odorizzi, Jake",543606,"MIN","FS","Split-Finger",0.1,0,"477",17.1,"137","0.244","0.346","0.297",27.3,22.6,17.2,"0.227","0.358","0.275",29.9
"Gray, Sonny",543243,"CIN","SI","Sinker",1,5,"544",19.4,"137","0.233","0.358","0.311",27.7,31.4,31.2,"0.216","0.341","0.288",40.5
"Ponce de Leon, Daniel",594965,"STL","FF","4-Seam Fastball",1.1,7,"609",70.7,"137","0.188","0.325","0.299",28.2,29.2,19.9,"0.201","0.357","0.296",28.2
"Eovaldi, Nathan",543135,"BOS","FF","4-Seam Fastball",-0.9,-5,"547",43.3,"136","0.286","0.546","0.394",27.7,27.9,20.1,"0.215","0.391","0.31",48.2
"Foltynewicz, Mike",592314,"ATL","SI","Sinker",0.2,1,"484",25.6,"136","0.264","0.405","0.341",12.3,12.5,10.6,"0.28","0.465","0.355",43.8
"Ottavino, Adam",493603,"NYY","ST","Sweeper",2.3,12,"518",44.8,"136","0.157","0.226","0.243",35,33.8,26.6,"0.151","0.231","0.243",25.7
"Turnbull, Spencer",605513,"DET","SI","Sinker",-1.9,-10,"519",19.5,"136","0.349","0.486","0.437",16.7,11.8,17.6,"0.311","0.484","0.409",47.3
"Fried, Max",608331,"ATL","SL","Slider",1.5,7,"425",15.9,"135","0.2","0.331","0.251",28.6,34.1,23.8,"0.198","0.309","0.232",26.2
"Brebbia, John",605154,"STL","SL","Slider",2.3,12,"519",42.8,"135","0.169","0.274","0.238",31.6,29.6,25.6,"0.164","0.274","0.226",29.8
"Richard, Clayton",453385,"TOR","SI","Sinker",0.1,0,"414",56.9,"135","0.306","0.463","0.378",8.5,4.4,7.2,"0.291","0.436","0.356",55.2
"Kahnle, Tommy",592454,"NYY","CH","Changeup",2.6,14,"533",51.9,"135","0.136","0.208","0.191",48.8,50.4,30.9,"0.147","0.228","0.194",29.3
"Corbin, Patrick",571578,"WSH","FF","4-Seam Fastball",-0.3,-2,"641",19.4,"135","0.232","0.464","0.369",19,17.8,16.3,"0.241","0.48","0.366",42
"Harris, Will",501789,"HOU","FC","Cutter",1.9,10,"519",56.9,"134","0.238","0.369","0.305",24.8,25.4,22.5,"0.213","0.38","0.286",33.7
"Montgomery, Mike",543557,"KC","SI","Sinker",-2,-9,"422",26.8,"134","0.365","0.626","0.462",12.1,11.2,16.7,"0.369","0.655","0.467",57.8
"Miley, Wade",489119,"HOU","FF","4-Seam Fastball",0,0,"453",15.8,"134","0.228","0.431","0.317",18.5,29.1,18,"0.224","0.4","0.293",38.8
"Vázquez, Felipe",553878,"PIT","FF","4-Seam Fastball",1.3,7,"569",59.4,"134","0.244","0.412","0.322",23.6,29.1,25.5,"0.261","0.47","0.344",44.4
"García, Yimi",554340,"LAD","FF","4-Seam Fastball",0.4,2,"440",44.1,"134","0.16","0.412","0.287",27.6,26.9,20.1,"0.154","0.314","0.249",31.3
"Cishek, Steve",518553,"CHC","SI","Sinker",0.6,3,"467",42.1,"134","0.261","0.405","0.373",14.5,11.2,13.4,"0.272","0.467","0.383",32
"Ryu, Hyun Jin",547943,"LAD","FC","Cutter",0.1,0,"525",19.4,"134","0.285","0.438","0.329",23.5,25.4,20.5,"0.274","0.449","0.313",42.3
"Samardzija, Jeff",502188,"SF","SL","Slider",1.4,7,"542",18.1,"133","0.219","0.398","0.272",26.9,18.8,17.1,"0.249","0.458","0.304",33.3
"Cahill, Trevor",502239,"LAA","SI","Sinker",-1.4,-7,"487",28.3,"133","0.3","0.618","0.454",12.6,9.8,14.1,"0.338","0.631","0.454",52.6
"Familia, Jeurys",544727,"NYM","SI","Sinker",-1.2,-6,"514",49.4,"133","0.311","0.472","0.419",20.2,15,21.1,"0.269","0.432","0.374",39.1
"Pomeranz, Drew",519141,"MIL","CU","Curveball",-0.3,-2,"620",31.9,"133","0.273","0.372","0.309",26.9,30.8,20.5,"0.232","0.328","0.277",42
"Petit, Yusmeiro",433589,"OAK","FF","4-Seam Fastball",0.1,1,"515",45.3,"133","0.276","0.528","0.342",13.1,15.8,14.4,"0.291","0.584","0.373",48.6
"Fry, Jace",605240,"CWS","FC","Cutter",0.3,1,"522",49.5,"132","0.176","0.296","0.317",44.3,35.6,26.4,"0.186","0.3","0.292",40.3
"Harper, Ryne",607560,"MIN","CU","Curveball",1.1,6,"514",60.3,"132","0.22","0.354","0.257",29.5,28.8,20.1,"0.221","0.393","0.268",28.6
"Burnes, Corbin",669203,"MIL","FF","4-Seam Fastball",-4.5,-21,"466",52.5,"132","0.425","0.823","0.563",19.7,15.9,21.2,"0.344","0.663","0.453",47.4
"Alcántara, Victor",622505,"DET","SI","Sinker",-0.4,-2,"515",75,"132","0.313","0.496","0.392",19.6,9.8,12.6,"0.293","0.509","0.381",43.3
"Ynoa, Gabriel",593679,"BAL","FF","4-Seam Fastball",-2,-11,"564",31.1,"132","0.347","0.677","0.469",15.4,7.6,11.4,"0.335","0.653","0.426",43.9
"Hill, Rich",448179,"LAD","CU","Curveball",0.7,3,"420",43.5,"132","0.22","0.331","0.295",21.6,25.8,20.9,"0.203","0.285","0.258",23.5
"Berríos, José",621244,"MIN","CH","Changeup",0.3,2,"497",15.9,"132","0.246","0.349","0.299",29.3,20.5,22,"0.262","0.398","0.297",27.3
"Nova, Iván",467100,"CWS","CH","Changeup",0.7,4,"480",16,"130","0.273","0.446","0.334",22.8,8.5,10.6,"0.297","0.481","0.347",28.6
"López, Jorge",605347,"KC","SI","Sinker",-0.8,-4,"463",22.5,"130","0.314","0.466","0.371",10.7,16.9,17.9,"0.26","0.446","0.334",35.4
"Márquez, Germán",608566,"COL","SI","Sinker",-0.3,-1,"444",17,"130","0.364","0.545","0.421",9,3.1,7.1,"0.368","0.598","0.429",52.1
"Paxton, James",572020,"NYY","CU","Curveball",1.3,7,"503",18.9,"130","0.178","0.288","0.242",37.4,38.5,23.9,"0.168","0.261","0.228",27.1
"Smith, Will",519293,"SF","SL","Slider",2.9,13,"441",42.3,"129","0.124","0.24","0.195",47.3,55,31.6,"0.13","0.226","0.184",31.4
"Fry, Paul",643316,"BAL","SL","Slider",-0.2,-1,"498",46.3,"129","0.193","0.368","0.305",30,29.5,20,"0.174","0.29","0.254",30.3
"Williams, Trevor",592866,"PIT","SL","Slider",-1.2,-6,"467",20.1,"129","0.309","0.528","0.354",31.2,26.4,23.6,"0.247","0.433","0.29",34.4
"Andriese, Matt",542882,"AZ","CH","Changeup",-0.2,-1,"444",36.9,"129","0.22","0.381","0.299",27.5,24,18.9,"0.203","0.328","0.258",29.2
"Leake, Mike",502190,"AZ","SI","Sinker",-3.9,-21,"544",18.3,"129","0.431","0.813","0.548",7.1,5.4,9.3,"0.397","0.797","0.501",53
"LeBlanc, Wade",453281,"SEA","SI","Sinker",-1.3,-6,"432",22.1,"128","0.369","0.582","0.419",13.5,20.3,21,"0.289","0.482","0.339",43.8
"Harvey, Matt",518774,"LAA","FF","4-Seam Fastball",-1.3,-6,"443",47,"128","0.299","0.542","0.42",11.8,10.2,11.2,"0.357","0.622","0.455",47.9
"Castillo, Diego",650895,"TB","SI","Sinker",-0.9,-5,"501",44.8,"128","0.303","0.471","0.376",20.6,11.7,16.3,"0.261","0.395","0.309",31.7
"Clevinger, Mike",605182,"CLE","ST","Sweeper",2,11,"533",25.5,"128","0.174","0.281","0.229",47.9,40.6,26.3,"0.161","0.292","0.217",21.7
"Hirano, Yoshihisa",673633,"AZ","FS","Split-Finger",0.5,2,"483",51.7,"128","0.203","0.28","0.264",39.6,32.8,20.8,"0.188","0.271","0.23",15.6
"Ross, Joe",605452,"WSH","SI","Sinker",0.5,2,"446",39.2,"128","0.284","0.394","0.357",14.8,12.5,21.9,"0.253","0.353","0.318",32.6
"Diekman, Jake",518617,"OAK","SL","Slider",0.2,1,"545",46,"128","0.213","0.315","0.3",44.9,35.2,24.1,"0.176","0.252","0.259",27.7
"Yates, Kirby",489446,"SD","FS","Split-Finger",3.2,14,"430",42.1,"127","0.153","0.178","0.2",34.4,40.2,30,"0.168","0.224","0.207",37.3
"Sanchez, Aaron",592717,"HOU","SI","Sinker",-0.5,-3,"487",21.1,"127","0.296","0.472","0.389",11.3,10.2,13.5,"0.292","0.478","0.376",46.4
"Kinley, Tyler",641755,"MIA","SL","Slider",0.5,3,"500",57.7,"127","0.217","0.292","0.291",41.8,31.5,22.9,"0.205","0.309","0.289",30.9
"Weaver, Luke",596133,"AZ","FF","4-Seam Fastball",0.2,1,"548",52,"127","0.239","0.41","0.312",21.7,29.1,20.9,"0.259","0.47","0.331",45.7
"Buchter, Ryan",488748,"OAK","FF","4-Seam Fastball",-0.5,-2,"492",62.8,"127","0.274","0.528","0.388",24.2,23.6,20.8,"0.29","0.533","0.39",40.5
"Gsellman, Robert",607229,"NYM","SI","Sinker",-0.8,-4,"527",49.2,"126","0.318","0.495","0.402",15.4,13.5,13.7,"0.258","0.394","0.33",33.3
"Parker, Blake",453284,"PHI","FF","4-Seam Fastball",0.3,1,"475",46.6,"126","0.28","0.505","0.383",24.5,19.8,18.9,"0.302","0.541","0.395",47.1
"Kelley, Shawn",518875,"TEX","SL","Slider",0.2,1,"462",60.2,"125","0.244","0.471","0.315",29.4,31.2,22.8,"0.218","0.441","0.292",29.6
"Rodriguez, Eduardo",593958,"BOS","FC","Cutter",1.3,7,"565",16.2,"125","0.243","0.369","0.294",19.7,22.4,19,"0.253","0.437","0.325",37.2
"Woodruff, Brandon",605540,"MIL","SI","Sinker",2,10,"510",25.8,"125","0.241","0.31","0.282",18.3,20.8,25.2,"0.224","0.301","0.262",25.6
"Verlander, Justin",434378,"HOU","CU","Curveball",1.1,6,"560",17.3,"125","0.19","0.259","0.24",26.1,30.4,18.7,"0.218","0.302","0.251",26.6
"Brasier, Ryan",518489,"BOS","FF","4-Seam Fastball",0.5,3,"539",55.1,"125","0.269","0.454","0.362",27.6,24,17,"0.296","0.564","0.403",45.6
"Leclerc, José",600917,"TEX","FF","4-Seam Fastball",0.5,3,"523",41,"125","0.214","0.378","0.34",27.5,26.4,21.2,"0.195","0.345","0.322",32.8
"Chatwood, Tyler",543022,"CHC","SI","Sinker",1.2,6,"507",39.5,"124","0.245","0.336","0.311",14.6,11.3,18.9,"0.311","0.402","0.352",38.5
"Claudio, Alex",592222,"MIL","SI","Sinker",0.4,2,"429",44.3,"124","0.29","0.4","0.375",16.7,9.7,14.1,"0.261","0.34","0.351",37.8
"Fry, Paul",643316,"BAL","FF","4-Seam Fastball",-0.1,0,"563",52.3,"123","0.311","0.447","0.393",21.7,13.8,16.2,"0.291","0.429","0.369",40.2
"González, Chi Chi",592346,"COL","FF","4-Seam Fastball",0.8,4,"483",42.2,"123","0.221","0.385","0.344",18.6,17.9,14.7,"0.249","0.42","0.347",31.7
"Canning, Griffin",656288,"LAA","SL","Slider",0.8,4,"448",28.9,"123","0.229","0.358","0.3",45.2,30.1,25.3,"0.212","0.327","0.273",33.8
"Chavez, Jesse",445926,"TEX","SI","Sinker",0.2,1,"491",37.6,"123","0.291","0.409","0.352",8.8,15.4,16.1,"0.289","0.427","0.339",39.8
"Walden, Marcus",519393,"BOS","SL","Slider",1.1,5,"472",37.2,"123","0.203","0.373","0.278",44,37.4,29.1,"0.199","0.296","0.23",32.9
"Gallegos, Giovanny",606149,"STL","SL","Slider",3.1,16,"501",44.2,"122","0.123","0.272","0.201",49.6,40.2,27.8,"0.153","0.267","0.21",27.3
"Báez, Pedro",520980,"LAD","FF","4-Seam Fastball",1.1,6,"551",50.6,"122","0.182","0.327","0.277",33.8,33.6,24,"0.157","0.28","0.238",30.4
"Mahle, Tyler",641816,"CIN","CU","Curveball",0.5,3,"495",23.2,"122","0.221","0.442","0.319",26,20.5,18.5,"0.256","0.455","0.322",36
"Duffey, Tyler",608648,"MIN","FF","4-Seam Fastball",2.3,11,"503",51.4,"122","0.188","0.33","0.276",30.2,35.2,26.9,"0.169","0.308","0.235",28.6
"Barlow, Scott",605130,"KC","SL","Slider",0.5,3,"564",43.4,"122","0.231","0.356","0.308",41.6,23.8,16.8,"0.193","0.31","0.283",23.7
"Drake, Oliver",543118,"TB","FS","Split-Finger",1.7,9,"559",59.4,"121","0.195","0.347","0.244",37.5,31.4,22.9,"0.205","0.346","0.243",37.5
"Fiers, Mike",571666,"OAK","CU","Curveball",1.4,7,"494",17.4,"121","0.162","0.214","0.19",29.6,30.6,15.2,"0.206","0.292","0.228",31.3
"Treinen, Blake",595014,"OAK","SI","Sinker",-0.8,-4,"457",45.7,"120","0.292","0.453","0.376",25.2,15.8,22.4,"0.266","0.452","0.348",36.8
"Soroka, Michael",647336,"ATL","FF","4-Seam Fastball",0.9,4,"479",18.8,"120","0.274","0.345","0.305",16.1,20.8,17.9,"0.264","0.409","0.308",34.1
"Hand, Brad",543272,"CLE","ST","Sweeper",1.3,7,"512",54.1,"120","0.204","0.31","0.257",42.6,43.3,28.9,"0.183","0.314","0.236",29.5
"Cimber, Adam",643256,"CLE","SI","Sinker",1.6,6,"405",50.8,"120","0.279","0.337","0.338",13.5,8.3,18.2,"0.282","0.362","0.331",37.9
"Price, David",456034,"BOS","CH","Changeup",-0.6,-3,"493",26.5,"119","0.279","0.514","0.369",33.9,23.5,20.1,"0.277","0.476","0.337",38.1
"Happ, J.A.",457918,"NYY","CH","Changeup",-0.9,-4,"428",15.9,"119","0.308","0.402","0.317",28.4,21,17,"0.272","0.363","0.28",27.2
"Lugo, Seth",607625,"NYM","FF","4-Seam Fastball",2.7,12,"441",34.6,"119","0.147","0.248","0.203",29.5,45.4,29.3,"0.167","0.304","0.228",49.1
"Snell, Blake",605483,"TB","CU","Curveball",0.8,4,"464",24.6,"119","0.174","0.376","0.277",54.9,51.3,28.2,"0.159","0.305","0.236",37.5
"Jurado, Ariel",642558,"TEX","FF","4-Seam Fastball",-1.2,-6,"469",22.9,"119","0.308","0.577","0.407",18.9,11.8,10.2,"0.264","0.532","0.365",35.5
"Nova, Iván",467100,"CWS","FF","4-Seam Fastball",-0.4,-2,"528",17.6,"118","0.309","0.509","0.382",11.1,7.6,8,"0.299","0.504","0.361",38.6
"Anderson, Brett",474463,"OAK","FF","4-Seam Fastball",0.9,5,"495",18.6,"118","0.226","0.302","0.288",11.4,11,11.3,"0.272","0.436","0.334",40.4
"Gibson, Kyle",502043,"MIN","FF","4-Seam Fastball",-2.3,-11,"504",18.2,"118","0.343","0.598","0.445",12.1,10.2,10.2,"0.336","0.548","0.41",28.3
"Heaney, Andrew",571760,"LAA","CU","Curveball",-0.6,-3,"455",27,"117","0.255","0.4","0.304",40.7,40.2,23,"0.224","0.368","0.276",31.7
"Lynn, Lance",458681,"TEX","FC","Cutter",0.8,4,"558",16.2,"117","0.243","0.315","0.272",25.7,23.1,15.9,"0.227","0.318","0.252",24.7
"Hamels, Cole",430935,"CHC","FC","Cutter",1.7,8,"446",18.6,"117","0.194","0.32","0.259",18.3,17.9,16.3,"0.23","0.407","0.304",35.3
"Plutko, Adam",592644,"CLE","FC","Cutter",0,0,"430",24,"117","0.252","0.441","0.316",25.2,17.9,16,"0.288","0.408","0.316",28.9
"Brooks, Aaron",605156,"BAL","SL","Slider",0.3,1,"426",22.4,"117","0.215","0.374","0.293",33.3,29.9,22,"0.187","0.308","0.249",34.2
"Watson, Tony",453265,"SF","SI","Sinker",0.1,0,"413",50.8,"117","0.248","0.419","0.34",17,12,14,"0.28","0.501","0.361",41.3
"Yarbrough, Ryan",642232,"TB","FF","4-Seam Fastball",-1,-5,"496",24.1,"116","0.34","0.585","0.416",16.3,16.4,17.1,"0.344","0.55","0.405",49.4
"Rondón, Héctor",444468,"HOU","FF","4-Seam Fastball",0.1,0,"443",45.6,"116","0.267","0.476","0.359",21.5,19,15.1,"0.243","0.384","0.307",37.3
"Ottavino, Adam",493603,"NYY","SI","Sinker",0.7,3,"458",39.6,"116","0.222","0.313","0.312",21.2,29.3,22.2,"0.196","0.287","0.273",29.9
"Gonzales, Marco",594835,"SEA","CU","Curveball",-0.1,-1,"502",15.9,"116","0.324","0.495","0.374",19,14.7,15.9,"0.267","0.41","0.305",41.7
"Devenski, Chris",606965,"HOU","CH","Changeup",0.1,0,"418",36.5,"116","0.208","0.387","0.304",42,37.1,25.3,"0.177","0.276","0.243",22.2
"Peacock, Brad",502748,"HOU","SI","Sinker",1.6,8,"470",31.1,"116","0.235","0.367","0.321",6.5,13.8,16.7,"0.254","0.398","0.34",37.3
"Chirinos, Yonny",630023,"TB","FS","Split-Finger",1.3,6,"446",22.5,"116","0.133","0.212","0.164",41.6,42.2,22.7,"0.145","0.213","0.168",20.3
"Wieck, Brad",623364,"CHC","FF","4-Seam Fastball",1.4,7,"489",77.4,"115","0.198","0.356","0.302",26.3,32.2,23.9,"0.207","0.396","0.302",43.1
"Stripling, Ross",548389,"LAD","CU","Curveball",2.6,11,"412",28.5,"115","0.167","0.241","0.196",33.3,40,27.1,"0.19","0.285","0.225",34.4
"Sanchez, Aaron",592717,"HOU","CH","Changeup",0.5,2,"447",19.4,"115","0.222","0.361","0.293",22.5,11.3,13.3,"0.253","0.401","0.303",27.4
"Hernández, Darwinzon",650382,"BOS","FF","4-Seam Fastball",0.4,2,"504",74,"115","0.225","0.326","0.347",37.2,39.1,29.2,"0.156","0.209","0.276",28.9
"Fiers, Mike",571666,"OAK","SL","Slider",0.7,3,"502",17.7,"115","0.292","0.453","0.345",18.9,7.8,11.8,"0.279","0.44","0.33",32
"Peacock, Brad",502748,"HOU","FF","4-Seam Fastball",-1.1,-5,"413",27.4,"114","0.262","0.592","0.383",18.2,26.3,21.7,"0.225","0.494","0.333",49.3
"Yates, Kirby",489446,"SD","FF","4-Seam Fastball",1.4,8,"582",57,"114","0.216","0.343","0.294",34.8,43.9,28.2,"0.177","0.307","0.249",35.2
"Law, Derek",571882,"TOR","FF","4-Seam Fastball",-1.9,-8,"438",36.7,"114","0.333","0.489","0.447",12.3,12.3,12.8,"0.293","0.444","0.389",51.3
"Cole, Gerrit",543037,"HOU","CU","Curveball",0.3,2,"519",15.4,"114","0.218","0.364","0.273",31.9,36.8,25.6,"0.203","0.341","0.245",38.2
"Bedrosian, Cam",592135,"LAA","FF","4-Seam Fastball",0.5,2,"485",47.8,"114","0.213","0.266","0.33",23.7,22.8,19.4,"0.226","0.334","0.325",33.3
"Waguespack, Jacob",621097,"TOR","FF","4-Seam Fastball",-0.5,-2,"429",32.2,"114","0.262","0.437","0.337",28.9,30.7,20.5,"0.27","0.477","0.348",51.5
"Carrasco, Carlos",471911,"CLE","SL","Slider",0.4,2,"429",33.7,"113","0.241","0.407","0.289",44.5,40.7,28.4,"0.196","0.327","0.239",41.3
"Magill, Matt",543483,"SEA","FF","4-Seam Fastball",0.2,1,"451",51,"113","0.223","0.436","0.333",27.1,27.4,22.5,"0.245","0.501","0.361",42.4
"Kershaw, Clayton",477132,"LAD","CU","Curveball",0.4,2,"423",16.4,"113","0.182","0.364","0.238",35.2,41.6,25.8,"0.207","0.38","0.251",34.4
"Ruiz, José",614179,"CWS","FF","4-Seam Fastball",-1.8,-8,"464",61.6,"113","0.322","0.544","0.451",22.5,15,14.4,"0.266","0.523","0.399",33.8
"Pérez, Martín",527048,"MIN","FF","4-Seam Fastball",-3.2,-15,"484",17.5,"112","0.37","0.74","0.5",17.4,13.4,11.6,"0.328","0.627","0.428",43.5
"Stripling, Ross",548389,"LAD","FF","4-Seam Fastball",0.7,3,"520",36,"112","0.26","0.49","0.358",18,22.3,17.9,"0.227","0.422","0.316",44
"Thornton, Trent",663423,"TOR","FC","Cutter",-0.5,-2,"440",16,"112","0.302","0.479","0.387",29.9,15.2,17.2,"0.262","0.421","0.345",33.3
"Barnes, Matt",598264,"BOS","FF","4-Seam Fastball",-0.4,-3,"620",47.3,"112","0.261","0.477","0.396",29.7,27.7,16.2,"0.247","0.414","0.367",36.8
"Leclerc, José",600917,"TEX","SL","Slider",1.2,6,"473",37.1,"112","0.184","0.347","0.276",41.1,46.4,30.2,"0.127","0.204","0.202",24.5
"Leake, Mike",502190,"AZ","FF","4-Seam Fastball",0.3,1,"427",14.4,"112","0.236","0.472","0.327",11.7,11.6,12.6,"0.298","0.614","0.394",48.4
"Crick, Kyle",605195,"PIT","FF","4-Seam Fastball",-0.8,-4,"470",50.4,"111","0.277","0.506","0.421",26.2,19.8,17.7,"0.222","0.427","0.379",32.8
"Smith, Will",519293,"SF","FF","4-Seam Fastball",-1,-5,"488",46.8,"111","0.293","0.535","0.393",20.3,21.6,19.4,"0.303","0.525","0.385",42.7
"Anderson, Justin",605121,"LAA","SL","Slider",-0.2,-1,"467",52.1,"111","0.229","0.385","0.325",40.6,35.1,25.5,"0.19","0.29","0.284",29.8
"Cortes, Nestor",641482,"NYY","FF","4-Seam Fastball",-0.7,-4,"607",46.7,"111","0.265","0.561","0.388",26.5,27,16,"0.263","0.511","0.365",39.7
"Chirinos, Yonny",630023,"TB","SL","Slider",0.6,2,"428",21.6,"111","0.206","0.495","0.314",26.5,19.8,21,"0.244","0.503","0.321",31.8
"Chapman, Aroldis",547973,"NYY","FF","4-Seam Fastball",0.8,5,"581",58.7,"111","0.231","0.319","0.318",25,21.6,23.1,"0.231","0.319","0.32",24.6
"Germán, Domingo",593334,"NYY","CH","Changeup",0.2,1,"427",19,"111","0.229","0.476","0.334",26.5,14.4,19.3,"0.273","0.495","0.342",25.8
"Price, David",456034,"BOS","FF","4-Seam Fastball",0.9,5,"512",27.5,"111","0.227","0.392","0.321",26.5,27,18.6,"0.231","0.431","0.329",44.8
"Bauer, Trevor",545333,"CIN","FC","Cutter",0.2,1,"608",16.5,"110","0.312","0.452","0.38",37.2,11.8,18.1,"0.241","0.372","0.321",33.7
"Wingenter, Trey",622259,"SD","SL","Slider",1,4,"408",45,"110","0.141","0.239","0.269",46.9,41.8,28,"0.139","0.186","0.234",25.5
"Hembree, Heath",592390,"BOS","FF","4-Seam Fastball",1.1,5,"502",69.9,"110","0.172","0.394","0.289",23.7,26.4,19.9,"0.178","0.394","0.281",31.4
"Osuna, Roberto",532077,"HOU","FF","4-Seam Fastball",1,5,"436",46.1,"110","0.273","0.444","0.337",25.6,20.9,19.7,"0.27","0.476","0.34",39.7
"Brewer, Colten",605155,"BOS","CU","Curveball",-0.9,-4,"453",44.6,"110","0.25","0.375","0.332",37.1,36.4,22.9,"0.197","0.319","0.284",32.8
"Odorizzi, Jake",543606,"MIN","FC","Cutter",0.7,4,"514",18.4,"110","0.25","0.356","0.287",20.4,21.8,18.2,"0.27","0.425","0.315",35
"Chavez, Jesse",445926,"TEX","FC","Cutter",-2.5,-10,"405",31,"110","0.287","0.624","0.415",19.8,22.7,20,"0.265","0.554","0.365",35.5
"Yacabonis, Jimmy",642231,"BAL","SI","Sinker",-2.4,-10,"440",57.1,"110","0.374","0.593","0.466",18.6,11.8,14.8,"0.328","0.572","0.427",43
"Kahnle, Tommy",592454,"NYY","FF","4-Seam Fastball",-0.4,-2,"453",44.2,"108","0.284","0.547","0.41",18.6,17.6,18.8,"0.276","0.479","0.363",40.8
"Brach, Brad",542960,"NYM","FF","4-Seam Fastball",0.4,2,"475",47.7,"108","0.261","0.38","0.333",25.3,31.5,21.1,"0.236","0.364","0.316",52.5
"Skaggs, Tyler",572140,"LAA","CU","Curveball",0.7,3,"467",33.7,"108","0.206","0.294","0.252",27,35.2,19.6,"0.217","0.35","0.265",29.7
"Wingenter, Trey",622259,"SD","FF","4-Seam Fastball",-0.1,0,"498",55,"108","0.233","0.411","0.341",25.8,24.1,22.4,"0.255","0.479","0.373",43.9
"Holmes, Clay",605280,"PIT","SI","Sinker",-0.6,-3,"460",52.8,"107","0.247","0.376","0.404",17.4,8.4,13.2,"0.251","0.417","0.368",40.8
"Brewer, Colten",605155,"BOS","FC","Cutter",-0.2,-1,"412",40.6,"107","0.303","0.461","0.391",16.1,5.6,6.4,"0.294","0.402","0.358",29.4
"Greene, Shane",572888,"ATL","SI","Sinker",1.8,8,"428",45.1,"107","0.186","0.237","0.248",15.5,15,16.2,"0.232","0.363","0.291",39.8
"Voth, Austin",608723,"WSH","FF","4-Seam Fastball",1.5,6,"413",60.4,"106","0.196","0.38","0.292",19.9,22.6,21.1,"0.223","0.382","0.302",32.9
"Jackson, Luke",592426,"ATL","FF","4-Seam Fastball",-1.1,-5,"475",37.9,"106","0.341","0.545","0.428",26.2,26.4,21.7,"0.25","0.472","0.367",32.8
"Duffey, Tyler",608648,"MIN","CU","Curveball",-0.3,-2,"445",45.5,"106","0.204","0.347","0.284",38.1,34.9,23.4,"0.219","0.381","0.28",43.5
"Senzatela, Antonio",622608,"COL","SL","Slider",-0.5,-2,"436",19.5,"105","0.265","0.429","0.345",26.7,14.3,12.5,"0.26","0.42","0.315",39.8
"Lamet, Dinelson",659275,"SD","FF","4-Seam Fastball",-1.6,-7,"442",35.9,"105","0.323","0.624","0.437",18.1,19,18.5,"0.275","0.495","0.356",33.3
"Carrasco, Carlos",471911,"CLE","FF","4-Seam Fastball",-0.7,-3,"427",33.5,"105","0.299","0.557","0.387",19.9,21.9,20,"0.291","0.555","0.368",52.6
"McKay, Brendan",656713,"TB","FF","4-Seam Fastball",-0.1,-1,"502",57.2,"104","0.268","0.515","0.367",23.3,30.8,18.8,"0.235","0.459","0.314",53.8
"Vincent, Nick",543883,"PHI","FF","4-Seam Fastball",1.2,5,"439",58.8,"104","0.185","0.304","0.277",24.5,29.8,22.3,"0.232","0.406","0.315",33.9
"Peacock, Brad",502748,"HOU","ST","Sweeper",0.9,4,"432",28.6,"104","0.188","0.365","0.271",36.6,31.7,25.2,"0.184","0.337","0.253",36.5
"Barlow, Scott",605130,"KC","FF","4-Seam Fastball",0.6,3,"455",35,"104","0.258","0.427","0.348",25,24,21,"0.252","0.401","0.332",46.2
"Barraclough, Kyle",607457,"SF","FF","4-Seam Fastball",-1.2,-6,"464",65.5,"104","0.318","0.612","0.44",22.1,20.2,16.5,"0.333","0.687","0.465",56.1
"Quijada, José",650671,"MIA","FF","4-Seam Fastball",-1.9,-9,"465",71.9,"104","0.225","0.588","0.433",38.4,36.5,23,"0.222","0.467","0.376",48.8
"Iglesias, Raisel",628452,"CIN","FF","4-Seam Fastball",0,0,"416",37.3,"103","0.239","0.523","0.363",27.6,32,27.5,"0.209","0.384","0.311",40.4
"Cessa, Luis",570666,"NYY","FF","4-Seam Fastball",-0.7,-3,"462",34.2,"103","0.314","0.5","0.396",16.3,10.7,12.5,"0.284","0.469","0.367",41
"Hirano, Yoshihisa",673633,"AZ","FF","4-Seam Fastball",-0.2,-1,"448",48,"103","0.31","0.552","0.426",20.5,18.4,17.3,"0.255","0.527","0.376",44.3
"Ray, Robbie",592662,"AZ","CU","Curveball",-0.7,-4,"504",16.5,"102","0.216","0.477","0.356",44.6,33.3,27.6,"0.258","0.576","0.383",54.5
"Foltynewicz, Mike",592314,"ATL","FF","4-Seam Fastball",0,0,"497",26.3,"101","0.25","0.533","0.351",16.4,11.9,11.1,"0.3","0.634","0.402",48.2
"Oberg, Scott",623184,"COL","FF","4-Seam Fastball",1.5,7,"466",52,"101","0.195","0.333","0.286",28,30.7,23.1,"0.209","0.373","0.307",37.5
"Happ, J.A.",457918,"NYY","SL","Slider",-0.4,-2,"470",17.4,"101","0.255","0.449","0.32",21.1,15.8,13.6,"0.259","0.477","0.32",34.1
"Straily, Dan",573185,"BAL","FF","4-Seam Fastball",-3,-15,"504",52.2,"100","0.333","0.77","0.484",19,10,9.9,"0.328","0.742","0.461",47.4
"Gibson, Kyle",502043,"MIN","CH","Changeup",-0.1,-1,"447",16.2,"99","0.269","0.409","0.348",38.6,28.3,22.2,"0.225","0.402","0.289",30.8
"Kline, Branden",571858,"BAL","FF","4-Seam Fastball",-2.5,-10,"407",57.5,"98","0.349","0.698","0.482",16.2,14.3,15.6,"0.358","0.693","0.467",62.5
"Hernández, Elieser",622694,"MIA","SL","Slider",1.6,8,"480",33.3,"98","0.152","0.359","0.237",37.2,31.6,21.1,"0.145","0.286","0.206",17.7
"Hendricks, Kyle",543294,"CHC","FF","4-Seam Fastball",2.4,13,"552",20.5,"98","0.14","0.302","0.228",27.3,25.5,21.7,"0.218","0.44","0.315",45.3
"Cortes, Nestor",641482,"NYY","SL","Slider",0,0,"440",33.9,"98","0.341","0.511","0.395",23,14.3,12.5,"0.274","0.41","0.324",33.3
"Chatwood, Tyler",543022,"CHC","FF","4-Seam Fastball",0.4,2,"407",31.7,"98","0.222","0.333","0.352",21.5,18.4,19.8,"0.286","0.452","0.411",44.6
"López, Reynaldo",625643,"CWS","CH","Changeup",-1.8,-8,"468",14.8,"98","0.292","0.652","0.414",33.3,16.3,19.5,"0.283","0.572","0.381",32.4
"Keller, Mitch",656605,"PIT","FF","4-Seam Fastball",-2.2,-10,"448",59.5,"98","0.461","0.719","0.515",17.5,22.4,18,"0.314","0.46","0.352",42
"Alvarado, José",621237,"TB","SI","Sinker",-0.7,-3,"460",78.5,"97","0.305","0.415","0.394",24.5,19.6,21.3,"0.263","0.398","0.329",35.8
"Anderson, Nick",623433,"TB","CU","Curveball",2.3,10,"441",40.1,"97","0.129","0.215","0.17",54.2,53.6,32.9,"0.129","0.225","0.171",29.3
"McHugh, Collin",543521,"HOU","FF","4-Seam Fastball",-1.3,-6,"422",32.6,"97","0.28","0.598","0.416",20.1,10.3,9.6,"0.327","0.611","0.43",39.7
"Velasquez, Vince",592826,"PHI","SL","Slider",-2.7,-11,"424",20,"96","0.341","0.602","0.438",32.4,19.8,15.6,"0.293","0.468","0.346",35.7
"Giolito, Lucas",608337,"CWS","SL","Slider",0.2,1,"414",14.7,"96","0.213","0.362","0.255",41.8,38.5,26.8,"0.23","0.389","0.27",33.3
"Brooks, Aaron",605156,"BAL","FF","4-Seam Fastball",-2,-10,"487",25.7,"95","0.28","0.683","0.44",15,23.2,14.6,"0.294","0.694","0.443",51.7
"Mayza, Tim",641835,"TOR","SI","Sinker",2,8,"416",45.2,"94","0.169","0.277","0.243",28.7,20.2,19.8,"0.26","0.369","0.313",32.3
"Hill, Rich",448179,"LAD","FF","4-Seam Fastball",1.3,6,"501",51.9,"93","0.229","0.482","0.322",28.9,33.3,22.1,"0.197","0.393","0.279",35.7
"Hernández, Félix",433587,"SEA","CU","Curveball",1,4,"428",35.2,"93","0.217","0.41","0.323",27.2,23.7,21,"0.227","0.421","0.31",37.1
"Ramirez, Noé",598287,"LAA","CU","Curveball",0.4,2,"414",37.4,"93","0.267","0.442","0.333",26.4,18.3,18.7,"0.261","0.444","0.325",30.4
"Santiago, Héctor",502327,"CWS","FF","4-Seam Fastball",-1.8,-8,"423",59.3,"93","0.274","0.562","0.418",34.4,28,17.3,"0.227","0.502","0.378",39.6
"Castillo, Luis",622491,"CIN","SL","Slider",-0.5,-2,"519",16.9,"93","0.19","0.452","0.321",47.6,21.5,21.5,"0.214","0.44","0.298",26.5
"Guerra, Junior",448855,"MIL","FF","4-Seam Fastball",1.9,8,"418",30.9,"92","0.145","0.289","0.273",23.7,22.8,17.9,"0.183","0.317","0.284",29.8
"Wood, Hunter",621056,"CLE","FF","4-Seam Fastball",-0.3,-1,"418",55.6,"92","0.274","0.452","0.357",20.5,10.9,12.3,"0.268","0.426","0.323",32
"Holland, Derek",502706,"CHC","SL","Slider",-0.8,-4,"436",29.6,"92","0.237","0.438","0.348",41.6,27.2,15.6,"0.232","0.481","0.343",36.8
"Elías, Roenis",606273,"WSH","FF","4-Seam Fastball",-1.3,-5,"408",50.8,"91","0.316","0.658","0.485",23.2,17.6,15.7,"0.309","0.639","0.427",48.4
"Lester, Jon",452657,"CHC","CU","Curveball",0.2,1,"468",15.4,"88","0.22","0.28","0.264",39.9,36.4,20.3,"0.221","0.302","0.248",15.7
"Ramirez, Nick",598286,"DET","FC","Cutter",0,0,"428",32.4,"87","0.259","0.481","0.326",26.3,13.8,14.3,"0.265","0.486","0.337",25.7
"Barria, Jaime",642545,"LAA","FF","4-Seam Fastball",-2,-10,"466",31.1,"84","0.321","0.705","0.459",17.2,15.5,12.7,"0.301","0.705","0.431",50.8
"Nova, Iván",467100,"CWS","CU","Curveball",-0.8,-4,"504",16.8,"82","0.299","0.442","0.326",31.3,19.5,14,"0.32","0.468","0.359",42.9
"Cishek, Steve",518553,"CHC","SL","Slider",0.4,2,"444",40,"79","0.2","0.357","0.285",29.2,24.1,13.4,"0.205","0.31","0.267",17.3
"Workman, Brandon",519443,"BOS","FF","4-Seam Fastball",1.5,6,"419",33.7,"76","0.134","0.149","0.194",37.7,46.1,27.1,"0.137","0.173","0.201",34.4
"Kikuchi, Yusei",579328,"SEA","CU","Curveball",-1.4,-5,"406",15.4,"71","0.348","0.623","0.434",15.4,11.3,12.9,"0.38","0.608","0.424",44.3
"Junis, Jakob",596001,"KC","CU","Curveball",-0.3,-1,"411",14.1,"70","0.288","0.559","0.407",25.6,11.4,24.2,"0.296","0.586","0.409",38.5